CustomerID,ProductID,SalesTeamID,StoreID,State_ID,CurrencyCode,DeliveryDate,Discount Applied,Order Quantity,OrderDate,Product Price,Product Sales Price,VAT Tax
38,35,8,51,1,USD,01/01/2022,0.142061609,16,01/01/2022,82.511631,92.47555046,2.382683684
41,52,4,40,2,USD,02/01/2022,0.704795836,12,02/01/2022,24.54544547,30.11886122,7.879601003
7,87,2,68,3,USD,03/01/2022,0.905078128,11,03/01/2022,36.35520602,40.4620423,7.515958457
78,28,8,36,4,USD,04/01/2022,0.434607654,19,04/01/2022,71.15572205,73.82883745,6.08515992
53,94,7,51,5,USD,05/01/2022,0.48809226,1,05/01/2022,38.39402858,39.43722701,5.214037637
63,18,4,1,6,USD,06/01/2022,0.927422836,3,06/01/2022,81.32515137,86.9071746,8.994932332
89,36,9,33,7,USD,07/01/2022,0.520991389,12,07/01/2022,21.74081385,27.74048185,7.900280415
32,33,9,7,8,USD,08/01/2022,0.487598438,9,08/01/2022,78.64175534,87.06620166,8.307480262
38,64,8,52,9,USD,09/01/2022,0.578329103,5,09/01/2022,16.15165434,21.69284705,8.319360712
22,26,1,11,10,USD,10/01/2022,0.689229736,1,10/01/2022,11.13333514,20.38155028,6.784454393
16,48,7,27,11,USD,11/01/2022,0.106883375,10,11/01/2022,90.84011669,97.49286798,5.122131619
52,40,5,14,12,USD,12/01/2022,0.821110528,17,12/01/2022,62.32052952,70.88355567,8.782099773
29,17,7,86,13,USD,13/01/2022,0.435505027,4,13/01/2022,41.66442074,43.99913635,9.334066758
16,40,9,80,14,USD,14/01/2022,0.07234851,15,14/01/2022,30.93351733,39.6315425,1.214254389
76,7,2,46,15,USD,15/01/2022,0.786182669,19,15/01/2022,65.51972049,72.59601518,1.463993859
17,57,4,76,16,USD,16/01/2022,0.376949972,8,16/01/2022,55.81019652,58.34229381,9.628689672
64,8,4,10,17,USD,17/01/2022,0.100367495,15,17/01/2022,99.2437998,101.9516718,3.494445525
91,56,2,24,18,USD,18/01/2022,0.63377904,7,18/01/2022,98.4894388,107.8279444,8.860324957
89,31,3,61,19,USD,19/01/2022,0.880131353,15,19/01/2022,67.15221095,68.4421492,4.499156071
13,59,8,18,20,USD,20/01/2022,0.887753509,8,20/01/2022,49.85834555,55.02116004,2.071900518
72,58,9,86,21,USD,21/01/2022,0.957663475,10,21/01/2022,54.20268722,58.02396483,1.723988802
56,12,6,9,22,USD,22/01/2022,0.86770546,18,22/01/2022,71.42311596,78.40881292,2.408571092
5,48,10,17,23,USD,23/01/2022,0.002140919,4,23/01/2022,19.14170898,27.69837347,3.249038754
12,31,2,58,24,USD,24/01/2022,0.380241166,15,24/01/2022,39.55168664,43.79508974,5.396665185
41,83,2,13,25,USD,25/01/2022,0.81854258,11,25/01/2022,16.77450169,21.61662048,7.313481105
3,63,7,50,26,USD,26/01/2022,0.366253006,3,26/01/2022,16.60246836,26.43972842,9.877587188
99,74,8,6,27,USD,27/01/2022,0.601548506,15,27/01/2022,27.62553177,35.68078036,4.97356069
33,39,8,85,28,USD,28/01/2022,0.606316947,3,28/01/2022,53.67279291,62.74763009,5.663664481
86,76,6,51,29,USD,29/01/2022,0.365025304,15,29/01/2022,80.6296889,85.57854889,5.696341312
50,20,10,36,30,USD,30/01/2022,0.904473927,6,30/01/2022,53.6946302,56.80131604,5.854909199
56,48,8,71,31,USD,31/01/2022,0.503228345,1,31/01/2022,40.19289495,44.89966614,5.659665914
9,71,1,100,32,USD,01/02/2022,0.464784206,14,01/02/2022,17.41176913,24.85659639,1.078972796
82,54,9,25,33,USD,02/02/2022,0.997513746,16,02/02/2022,59.52659709,61.51147073,1.015523399
50,78,1,11,34,USD,03/02/2022,0.493500364,1,03/02/2022,34.41417278,37.84839473,1.878996863
29,75,3,44,35,USD,04/02/2022,0.178398252,17,04/02/2022,65.34407601,66.76379912,1.914009431
39,71,9,14,36,USD,05/02/2022,0.513069423,8,05/02/2022,97.94689652,102.8380262,7.344072181
91,29,5,29,37,USD,06/02/2022,0.814016736,18,06/02/2022,20.01828893,28.46530056,2.844244293
100,74,9,74,38,USD,07/02/2022,0.776860327,16,07/02/2022,29.09128588,30.31325908,9.052426943
45,93,9,50,39,USD,08/02/2022,0.788581765,6,08/02/2022,52.57850843,59.65642017,9.357456966
17,73,6,5,40,USD,09/02/2022,0.708023784,10,09/02/2022,97.17524338,106.5677063,9.783040041
56,100,1,72,41,USD,10/02/2022,0.254217829,10,10/02/2022,79.46287986,82.59523062,9.451731744
98,48,10,69,42,USD,11/02/2022,0.862084086,5,11/02/2022,90.84062738,98.08334095,3.446994897
46,74,7,88,43,USD,12/02/2022,0.893443465,12,12/02/2022,40.03433636,49.81025347,5.587991602
67,83,6,57,44,USD,13/02/2022,0.194152697,17,13/02/2022,99.28346264,108.9439652,2.579094732
69,56,9,26,45,USD,14/02/2022,0.130455637,14,14/02/2022,19.25495345,22.36931618,8.255886897
14,95,7,6,46,USD,15/02/2022,0.975604969,14,15/02/2022,14.76756154,16.67054102,8.995885346
67,17,4,16,47,USD,16/02/2022,0.868323964,3,16/02/2022,87.00423643,89.33877928,8.661599554
23,9,7,60,48,USD,17/02/2022,0.893236147,12,17/02/2022,93.45383832,100.7721593,4.900302538
94,97,2,100,49,USD,18/02/2022,0.886376385,18,18/02/2022,18.15268218,25.68451206,7.828064962
61,34,6,12,50,USD,19/02/2022,0.541686824,12,19/02/2022,20.20846841,27.27659746,1.878212526
23,45,6,75,51,USD,20/02/2022,0.646401737,2,20/02/2022,12.9856742,17.01037969,1.362202936
27,88,2,3,52,USD,21/02/2022,0.545362852,2,21/02/2022,19.40568064,21.9336731,7.779127729
54,9,4,63,53,USD,22/02/2022,0.051206349,17,22/02/2022,28.84778351,35.07463334,4.828197469
10,7,8,64,54,USD,23/02/2022,0.745503085,10,23/02/2022,97.3068957,102.6600197,9.959943383
89,16,8,62,55,USD,24/02/2022,0.505332033,18,24/02/2022,70.10742,77.66692733,1.875287943
77,19,8,6,56,USD,25/02/2022,0.647709075,19,25/02/2022,80.0697723,85.042013,8.700649134
16,6,8,19,57,USD,26/02/2022,0.502639805,1,26/02/2022,79.85254633,83.90030358,5.31984759
41,11,1,18,58,USD,27/02/2022,0.491811322,4,27/02/2022,58.15663748,61.79794468,8.44435176
98,76,2,80,59,USD,28/02/2022,0.171789109,4,28/02/2022,81.77400799,84.67724087,8.35414554
55,61,4,87,60,USD,01/03/2022,0.278713715,2,01/03/2022,63.62267792,67.0143953,9.243928012
61,42,9,43,61,USD,02/03/2022,0.158852692,19,02/03/2022,38.30914878,40.16262273,3.680650102
86,13,3,73,62,USD,03/03/2022,0.195666296,12,03/03/2022,60.49990979,64.62162289,9.548194181
81,12,6,3,63,USD,04/03/2022,0.97297738,10,04/03/2022,58.01577275,59.34490106,2.365002643
87,85,7,72,64,USD,05/03/2022,0.153113446,13,05/03/2022,84.11077484,86.78849946,1.737718998
100,74,8,38,65,USD,06/03/2022,0.269270424,15,06/03/2022,98.35544956,106.0763836,4.884539656
49,20,7,68,66,USD,07/03/2022,0.590589658,3,07/03/2022,46.99383089,50.92305179,8.454906718
73,50,3,76,67,USD,08/03/2022,0.610178576,13,08/03/2022,78.70516106,85.71929421,5.260790176
52,36,6,44,68,USD,09/03/2022,0.15397413,8,09/03/2022,18.97867036,26.43062794,8.463580098
2,92,5,95,69,USD,10/03/2022,0.793717426,7,10/03/2022,79.91482325,86.14549133,7.567181252
96,88,10,89,70,USD,11/03/2022,0.785202868,8,11/03/2022,43.42752208,53.05580175,2.884855475
50,69,4,80,71,USD,12/03/2022,0.237317704,18,12/03/2022,13.54511466,14.73807346,9.539934624
86,37,1,63,72,USD,13/03/2022,0.288666303,9,13/03/2022,42.69215607,50.34002993,1.547030518
43,12,7,42,73,USD,14/03/2022,0.937987865,6,14/03/2022,64.95784758,74.58692738,9.084517368
77,99,8,64,74,USD,15/03/2022,0.825671446,4,15/03/2022,20.73251509,29.49296066,3.739991041
8,40,2,54,75,USD,16/03/2022,0.697797033,15,16/03/2022,93.16310432,95.67413854,5.501332748
59,54,7,78,76,USD,17/03/2022,0.082233222,5,17/03/2022,16.99051719,20.93189995,4.801166854
65,2,6,77,77,USD,18/03/2022,0.418264081,5,18/03/2022,93.70060478,96.25267134,2.546511012
81,50,5,71,78,USD,19/03/2022,0.559301872,7,19/03/2022,73.64237661,80.05415189,4.223321798
12,41,4,76,79,USD,20/03/2022,0.187411288,9,20/03/2022,39.67409579,47.08378763,2.736409927
4,45,2,37,80,USD,21/03/2022,0.448226582,7,21/03/2022,45.16753129,49.02119522,2.834978279
77,9,10,4,81,USD,22/03/2022,0.601025877,9,22/03/2022,76.67284283,82.52840199,2.683511524
95,62,6,2,82,USD,23/03/2022,0.32737668,10,23/03/2022,64.13239908,71.35068421,5.401156423
41,86,5,99,83,USD,24/03/2022,0.780944819,4,24/03/2022,70.44786293,75.23992128,8.181382308
7,47,2,44,84,USD,25/03/2022,0.840449582,6,25/03/2022,45.02481549,53.71095526,6.120730304
87,5,10,67,85,USD,26/03/2022,0.323609469,14,26/03/2022,53.90321336,61.84716278,9.038859297
88,76,7,68,86,USD,27/03/2022,0.838657154,9,27/03/2022,99.08807356,100.6700635,6.728900397
69,1,6,76,87,USD,28/03/2022,0.103576566,1,28/03/2022,29.25305834,35.84318604,7.204061041
69,44,9,83,88,USD,29/03/2022,0.837729099,17,29/03/2022,47.60705679,50.72498675,7.008465068
81,22,10,74,89,USD,30/03/2022,0.152750432,13,30/03/2022,36.26408688,42.28175126,5.045132739
30,38,5,62,90,USD,31/03/2022,0.082927153,7,31/03/2022,78.86003594,88.47203192,7.2040494
73,19,9,1,91,USD,01/04/2022,0.641775404,9,01/04/2022,78.76113631,87.67269435,1.627369718
6,80,9,17,92,USD,02/04/2022,0.471937366,11,02/04/2022,36.32009149,40.96073912,8.738663247
89,31,1,16,93,USD,03/04/2022,0.9078906,3,03/04/2022,17.3251285,20.94875322,8.000309291
19,67,5,9,94,USD,04/04/2022,0.363189196,12,04/04/2022,11.0289409,14.1385926,3.207069624
80,87,9,53,95,USD,05/04/2022,0.287152263,3,05/04/2022,48.47054799,54.26318182,7.912292088
85,42,7,73,96,USD,06/04/2022,0.500734906,15,06/04/2022,46.93038349,48.95861957,1.113783413
66,82,6,59,97,USD,07/04/2022,0.455946186,10,07/04/2022,98.95508908,104.8985642,2.955219152
10,26,6,9,98,USD,08/04/2022,0.344428046,1,08/04/2022,52.28218681,53.29418957,1.586235148
16,13,7,12,99,USD,09/04/2022,0.693741299,14,09/04/2022,33.07765326,36.99229994,8.02204225
37,58,1,41,100,USD,10/04/2022,0.759561834,6,10/04/2022,90.21064969,93.19005852,7.802867361
79,18,4,15,101,USD,11/04/2022,0.852983969,2,11/04/2022,54.19611547,63.93708458,8.322724214
77,67,1,66,102,USD,12/04/2022,0.972856605,8,12/04/2022,63.92580717,71.47098805,1.04033524
77,87,6,75,103,USD,13/04/2022,0.266656192,1,13/04/2022,18.61018394,22.75706436,5.51109454
32,3,4,11,104,USD,14/04/2022,0.716093482,4,14/04/2022,44.46247666,46.29808244,7.343525778
47,55,1,8,105,USD,15/04/2022,0.394258235,4,15/04/2022,94.9801307,100.6313361,2.398610159
72,89,9,55,106,USD,16/04/2022,0.677081972,5,16/04/2022,63.05548458,65.97651551,6.848116548
43,91,4,96,107,USD,17/04/2022,0.47598169,9,17/04/2022,41.00516696,46.83303288,1.756990894
82,58,6,6,108,USD,18/04/2022,0.993773103,13,18/04/2022,66.31004626,74.82830744,2.631932705
36,63,7,53,109,USD,19/04/2022,0.728902136,18,19/04/2022,91.93699806,98.47913103,5.282171335
26,91,8,20,110,USD,20/04/2022,0.9524913,17,20/04/2022,34.65915404,41.36324982,6.882086374
10,52,9,39,111,USD,21/04/2022,0.834969549,1,21/04/2022,55.46050466,61.32977726,2.312822143
31,89,9,99,112,USD,22/04/2022,0.902901011,15,22/04/2022,96.28215885,105.6275495,2.667009977
97,24,8,72,113,USD,23/04/2022,0.814419197,2,23/04/2022,25.5156529,34.90277706,2.840017304
29,72,10,34,114,USD,24/04/2022,0.45915913,16,24/04/2022,74.7697533,80.38426211,3.148307242
5,9,3,57,115,USD,25/04/2022,0.251788453,5,25/04/2022,65.30329074,69.05512612,3.038984637
77,37,2,19,116,USD,26/04/2022,0.370320175,19,26/04/2022,71.1707618,76.30704486,4.556341976
1,94,5,71,117,USD,27/04/2022,0.020236233,5,27/04/2022,41.60976676,44.28878797,6.884106858
87,83,1,31,118,USD,28/04/2022,0.523993167,2,28/04/2022,38.24914361,44.97624245,4.942286048
3,53,3,82,119,USD,29/04/2022,0.5050578,7,29/04/2022,71.57887035,77.07970137,7.983765179
67,80,1,40,120,USD,30/04/2022,0.525250465,3,30/04/2022,29.39889566,31.32859996,7.473416554
71,24,3,14,121,USD,01/05/2022,0.974031225,17,01/05/2022,47.76892704,50.54775707,2.138742226
100,21,4,100,122,USD,02/05/2022,0.911454003,3,02/05/2022,26.93571814,32.25240575,1.43957461
35,100,7,81,123,USD,03/05/2022,0.161712778,13,03/05/2022,10.7474357,19.73573662,8.901474076
15,40,5,37,124,USD,04/05/2022,0.368882522,7,04/05/2022,97.3051624,103.4026789,1.718479599
67,62,5,44,125,USD,05/05/2022,0.423956179,3,05/05/2022,48.85326808,55.98708308,2.335052626
93,70,1,9,126,USD,06/05/2022,0.360532918,15,06/05/2022,97.2414653,101.2927222,1.19919948
30,69,8,58,127,USD,07/05/2022,0.798495964,18,07/05/2022,22.62911678,28.77181932,6.655027288
82,14,4,20,128,USD,08/05/2022,0.52403767,10,08/05/2022,62.86301015,67.88942855,6.241335068
75,42,10,92,129,USD,09/05/2022,0.572099817,7,09/05/2022,28.08766295,35.01983216,9.882132998
43,50,5,50,130,USD,10/05/2022,0.853013559,9,10/05/2022,81.10667143,82.56185152,8.982391567
60,61,2,20,131,USD,11/05/2022,0.805928153,5,11/05/2022,80.53326899,85.97297093,4.697588597
40,4,1,36,132,USD,12/05/2022,0.132211523,8,12/05/2022,20.13464341,23.79857704,4.344272568
65,72,9,27,133,USD,13/05/2022,0.713914584,14,13/05/2022,92.08580076,96.02146631,3.671668309
29,88,2,72,134,USD,14/05/2022,0.435436129,4,14/05/2022,27.51666825,37.16492513,2.37166228
74,75,6,32,135,USD,15/05/2022,0.294648903,14,15/05/2022,65.16796074,67.81221406,2.242752909
92,17,1,1,136,USD,16/05/2022,0.050018821,12,16/05/2022,98.70702581,102.5082331,2.190553372
95,85,1,17,137,USD,17/05/2022,0.48724956,2,17/05/2022,89.41568813,95.00472131,2.027032815
19,57,9,9,138,USD,18/05/2022,0.355436681,13,18/05/2022,96.09075357,104.8579961,3.164608382
3,90,4,84,139,USD,19/05/2022,0.25151304,1,19/05/2022,40.83388941,45.58392016,3.760017673
36,48,9,45,140,USD,20/05/2022,0.69467173,7,20/05/2022,19.5018078,27.19659533,9.654210739
43,44,5,96,141,USD,21/05/2022,0.769485387,9,21/05/2022,26.9512186,35.65858548,6.206259259
15,45,7,66,142,USD,22/05/2022,0.244789519,17,22/05/2022,55.04454056,58.83468776,9.888361971
97,91,1,32,143,USD,23/05/2022,0.049447437,13,23/05/2022,81.39067104,85.9254227,4.35220253
41,80,6,45,144,USD,24/05/2022,0.848752701,10,24/05/2022,23.51382798,27.72283399,5.118639693
90,90,8,9,145,USD,25/05/2022,0.009959741,16,25/05/2022,69.3758379,77.87154018,3.921207932
80,33,1,30,146,USD,26/05/2022,0.937112494,6,26/05/2022,39.12198436,40.52110612,2.645988858
36,31,9,84,147,USD,27/05/2022,0.627619874,16,27/05/2022,40.70818652,44.48397631,2.28848237
97,47,3,38,148,USD,28/05/2022,0.321846635,11,28/05/2022,69.57259571,76.68727273,9.50571278
84,6,1,60,149,USD,29/05/2022,0.24647791,3,29/05/2022,52.02994776,58.11893925,9.881296136
77,72,1,1,150,USD,30/05/2022,0.009005664,9,30/05/2022,83.08299637,88.00960061,1.404185469
33,71,6,5,151,USD,31/05/2022,0.235471417,15,31/05/2022,24.03266587,29.89219991,2.353112873
5,34,6,63,152,USD,01/06/2022,0.137728302,13,01/06/2022,81.09534428,83.87360555,4.811716831
78,53,1,99,153,USD,02/06/2022,0.612166221,10,02/06/2022,15.78117233,20.65762192,2.677001287
91,14,3,36,154,USD,03/06/2022,0.166545589,13,03/06/2022,27.46484922,32.98017608,4.274923543
87,16,7,65,155,USD,04/06/2022,0.528629838,17,04/06/2022,69.05347431,78.1641764,2.161867149
14,43,10,78,156,USD,05/06/2022,0.590116422,7,05/06/2022,86.94330909,90.29082555,5.10860581
68,73,3,73,157,USD,06/06/2022,0.298041698,6,06/06/2022,32.7411665,41.55162302,3.445251546
83,74,3,94,158,USD,07/06/2022,0.035064949,13,07/06/2022,39.44724452,46.24541713,4.167145502
47,81,3,24,159,USD,08/06/2022,0.037253881,17,08/06/2022,58.34086735,59.52393483,1.848813863
54,12,7,4,160,USD,09/06/2022,0.026347332,15,09/06/2022,29.04155258,36.56323462,4.853152456
4,70,4,78,161,USD,10/06/2022,0.739124667,4,10/06/2022,83.00406354,84.32403044,9.849318499
94,19,4,89,162,USD,11/06/2022,0.318009705,15,11/06/2022,79.62729805,89.60372819,3.959497422
83,41,3,68,163,USD,12/06/2022,0.796300186,14,12/06/2022,23.07625408,31.92998427,8.887863474
95,53,10,25,164,USD,13/06/2022,0.431732824,11,13/06/2022,51.74467586,55.42076959,8.588792275
95,29,9,74,165,USD,14/06/2022,0.452998101,4,14/06/2022,79.734499,83.05120007,9.568525765
9,70,2,99,166,USD,15/06/2022,0.512882603,3,15/06/2022,40.3596578,44.79262754,8.11098561
53,59,4,7,167,USD,16/06/2022,0.713031456,2,16/06/2022,66.97961404,71.18511673,6.936371444
77,89,8,13,168,USD,17/06/2022,0.273502866,10,17/06/2022,14.51918093,18.8702213,8.709259998
78,64,6,68,169,USD,18/06/2022,0.12158735,13,18/06/2022,64.78198845,68.64647736,1.680802126
60,24,7,43,170,USD,19/06/2022,0.556057335,18,19/06/2022,23.7387682,30.32896886,5.165475915
46,89,7,57,171,USD,20/06/2022,0.326977623,16,20/06/2022,84.75249926,87.23087223,9.903306148
54,16,2,36,172,USD,21/06/2022,0.442491314,11,21/06/2022,41.99045172,50.60428335,7.926401362
74,52,4,14,173,USD,22/06/2022,0.646946708,10,22/06/2022,35.33984765,43.65147,9.658678402
95,80,10,82,174,USD,23/06/2022,0.494125741,9,23/06/2022,85.6800079,90.96835677,8.016709205
37,6,10,72,175,USD,24/06/2022,0.620278817,12,24/06/2022,14.51296208,23.18753176,8.873937707
23,37,6,96,176,USD,25/06/2022,0.544200002,19,25/06/2022,45.69479194,48.91909757,7.358766691
27,85,3,27,177,USD,26/06/2022,0.739796372,1,26/06/2022,43.30031865,44.45840775,7.84451804
70,4,9,37,178,USD,27/06/2022,0.705936618,18,27/06/2022,35.63203368,42.20490501,5.708602089
90,98,4,87,179,USD,28/06/2022,0.534189892,14,28/06/2022,92.05788988,97.17907454,9.318139307
66,92,10,71,180,USD,29/06/2022,0.678903021,1,29/06/2022,77.58355542,83.68803633,8.425350196
61,38,2,76,181,USD,30/06/2022,0.873559602,17,30/06/2022,15.75308478,24.84713946,8.594964691
77,41,6,25,182,USD,01/07/2022,0.432271288,11,01/07/2022,74.32187045,84.05120061,7.057081909
51,92,1,67,183,USD,02/07/2022,0.412763073,15,02/07/2022,57.45692198,64.16700024,3.741219524
50,81,6,90,184,USD,03/07/2022,0.764245621,4,03/07/2022,91.0781105,98.9546108,1.320668159
19,14,10,4,185,USD,04/07/2022,0.582553837,15,04/07/2022,38.16510556,39.91938146,9.420896165
1,71,1,100,186,USD,05/07/2022,0.07100678,14,05/07/2022,61.67457996,64.12102023,6.275083139
40,86,8,79,187,USD,06/07/2022,0.892112016,1,06/07/2022,55.06797473,62.66681797,3.68328674
32,51,5,96,188,USD,07/07/2022,0.030783102,9,07/07/2022,54.06048156,58.94277067,2.342215971
22,65,6,93,189,USD,08/07/2022,0.748396356,7,08/07/2022,51.04948596,56.06317339,8.46570849
93,93,2,74,190,USD,09/07/2022,0.758794143,11,09/07/2022,28.5066528,32.28412193,8.52868175
66,52,2,85,191,USD,10/07/2022,0.953111085,2,10/07/2022,78.01389302,84.48010048,8.330571713
40,95,9,16,192,USD,11/07/2022,0.054134408,2,11/07/2022,50.62024295,53.28672836,6.805744228
38,30,3,19,193,USD,12/07/2022,0.596856861,6,12/07/2022,96.26646475,102.9087113,4.294138488
48,57,6,29,194,USD,13/07/2022,0.427840571,19,13/07/2022,33.47275845,36.03694816,3.736632563
55,79,10,51,195,USD,14/07/2022,0.330632955,14,14/07/2022,71.44694557,73.02137988,1.076992931
75,82,5,18,196,USD,15/07/2022,0.09031856,3,15/07/2022,94.66453717,98.63775637,8.502468028
81,99,4,58,197,USD,16/07/2022,0.56265412,7,16/07/2022,69.71124907,72.79151215,1.786894277
55,30,10,44,198,USD,17/07/2022,0.479040726,7,17/07/2022,88.41456169,97.41548643,6.676794982
51,98,2,16,199,USD,18/07/2022,0.104554458,4,18/07/2022,84.47328638,85.96786746,5.536674522
60,42,8,65,200,USD,19/07/2022,0.612489507,5,19/07/2022,42.41059439,45.00011763,5.74020423
8,11,10,2,201,USD,20/07/2022,0.73795312,17,20/07/2022,64.01115459,69.94963104,9.340415608
86,27,7,56,202,USD,21/07/2022,0.767278301,4,21/07/2022,24.06352058,29.3931253,1.284535101
68,24,2,79,203,USD,22/07/2022,0.905373188,13,22/07/2022,58.19732944,59.60999761,7.960530022
75,99,6,28,204,USD,23/07/2022,0.409470742,16,23/07/2022,30.73797746,31.80324932,1.468471585
72,39,8,65,205,USD,24/07/2022,0.953072769,16,24/07/2022,76.93631335,86.82892482,1.343382453
9,72,7,5,206,USD,25/07/2022,0.865429405,2,25/07/2022,57.52525797,64.45477027,4.868359283
90,18,1,22,207,USD,26/07/2022,0.296501571,18,26/07/2022,47.01046264,51.29911781,1.567676569
2,77,5,100,208,USD,27/07/2022,0.159283037,1,27/07/2022,34.19173866,39.42562888,8.102295562
80,45,2,13,209,USD,28/07/2022,0.435389396,18,28/07/2022,99.88286337,103.2818144,5.766067843
95,88,6,65,210,USD,29/07/2022,0.401898708,8,29/07/2022,16.45394688,20.55781093,1.261349044
70,87,7,16,211,USD,30/07/2022,0.575719305,11,30/07/2022,13.92046125,20.76186146,1.364506178
85,12,7,86,212,USD,31/07/2022,0.583386232,15,31/07/2022,29.55316604,38.49847223,6.514016768
90,49,3,64,213,USD,01/08/2022,0.749986984,16,01/08/2022,97.39652128,100.0536915,8.255006359
59,94,7,32,214,USD,02/08/2022,0.509889948,17,02/08/2022,98.13143515,106.6946887,4.940195781
19,31,5,80,215,USD,03/08/2022,0.104822641,17,03/08/2022,68.94349613,71.0375058,5.991226044
28,92,8,51,216,USD,04/08/2022,0.858291336,12,04/08/2022,89.20960005,92.14453006,8.198465086
72,22,8,79,217,USD,05/08/2022,0.309764583,10,05/08/2022,29.25655578,30.59113337,6.494555566
14,44,7,58,218,USD,06/08/2022,0.97129746,6,06/08/2022,97.48378848,99.75109523,3.022842139
24,92,6,46,219,USD,07/08/2022,0.117860109,8,07/08/2022,22.85063651,32.10636482,6.517468233
44,64,2,52,220,USD,08/08/2022,0.958251172,13,08/08/2022,19.10126694,24.23621566,6.654515132
56,77,6,63,221,USD,09/08/2022,0.091011807,2,09/08/2022,20.09903853,21.79803129,7.606962828
90,25,9,76,222,USD,10/08/2022,0.231036138,19,10/08/2022,61.58151309,71.21905464,6.587867688
95,51,2,60,223,USD,11/08/2022,0.046579942,10,11/08/2022,80.28769606,89.19862683,9.723179174
51,7,1,65,224,USD,12/08/2022,0.705113147,4,12/08/2022,43.00004601,50.7921887,2.775594778
32,6,5,81,225,USD,13/08/2022,0.850298737,12,13/08/2022,98.0106389,107.411894,9.559816116
50,24,6,55,226,USD,14/08/2022,0.434071082,18,14/08/2022,49.09781243,52.07897722,5.845055413
41,19,3,57,227,USD,15/08/2022,0.928522075,7,15/08/2022,23.54036957,32.06769321,7.047605264
66,83,8,92,228,USD,16/08/2022,0.590299072,4,16/08/2022,51.93700734,59.1469281,1.895154377
25,100,7,71,229,USD,17/08/2022,0.630007135,7,17/08/2022,71.11334489,79.94117813,4.425183472
61,9,2,73,230,USD,18/08/2022,0.845419202,10,18/08/2022,84.90032025,93.07252434,7.924412318
66,36,7,86,231,USD,19/08/2022,0.296800205,15,19/08/2022,51.2891461,55.40760166,7.362199136
42,40,1,26,232,USD,20/08/2022,0.354265721,12,20/08/2022,63.42461434,71.39420118,1.361254493
65,93,9,12,233,USD,21/08/2022,0.905951919,1,21/08/2022,34.06102409,37.42313082,5.919348371
36,24,7,71,234,USD,22/08/2022,0.900963496,18,22/08/2022,68.13248738,72.08981684,1.794503737
76,48,6,46,235,USD,23/08/2022,0.976482776,16,23/08/2022,98.73747496,100.7086264,9.962707863
9,63,2,47,236,USD,24/08/2022,0.901838316,5,24/08/2022,14.41482153,23.83051108,9.075669297
36,69,3,79,237,USD,25/08/2022,0.127372036,19,25/08/2022,89.78776036,93.40679063,1.189725944
92,53,1,38,238,USD,26/08/2022,0.823724286,4,26/08/2022,60.60542525,66.29102744,8.72784621
38,54,10,21,239,USD,27/08/2022,0.409838478,6,27/08/2022,32.68887936,37.21087489,9.274866405
33,42,5,14,240,USD,28/08/2022,0.990801356,17,28/08/2022,95.9400739,105.579427,4.181934003
42,45,9,2,241,USD,29/08/2022,0.472280964,7,29/08/2022,53.50188728,57.51732981,7.475514895
61,90,6,72,242,USD,30/08/2022,0.553836083,7,30/08/2022,39.85212265,47.85903504,4.978933716
46,14,5,70,243,USD,31/08/2022,0.529774915,9,31/08/2022,26.33478654,35.03353194,6.897092361
86,29,3,33,244,USD,01/09/2022,0.32173703,13,01/09/2022,32.00069892,36.9211574,4.062856639
89,6,5,6,245,USD,02/09/2022,0.075022089,14,02/09/2022,84.95641374,89.35996007,3.90303313
61,7,8,90,246,USD,03/09/2022,0.89565123,16,03/09/2022,65.29690084,73.02661323,4.819905
18,37,2,37,247,USD,04/09/2022,0.802675813,9,04/09/2022,92.19210575,101.4081696,2.310109828
70,53,5,14,248,USD,05/09/2022,0.139526781,15,05/09/2022,30.87716069,38.67154629,8.48025068
82,18,6,37,249,USD,06/09/2022,0.776768271,5,06/09/2022,20.90247165,23.94660894,4.138281058
80,87,10,8,250,USD,07/09/2022,0.625846666,18,07/09/2022,10.54787779,19.54264751,4.601345985
15,38,8,77,251,USD,08/09/2022,0.409143788,8,08/09/2022,55.70758339,60.19581839,9.046491514
48,59,8,13,252,USD,09/09/2022,0.254021149,15,09/09/2022,99.84762373,106.0336884,5.469614327
72,1,5,40,253,USD,10/09/2022,0.859728784,9,10/09/2022,72.54687419,81.02979477,5.898285184
13,68,9,92,254,USD,11/09/2022,0.700188259,19,11/09/2022,37.75551328,40.45106618,9.608483123
43,44,4,58,255,USD,12/09/2022,0.547739909,6,12/09/2022,88.91727247,96.97786369,8.980537448
60,47,9,18,256,USD,13/09/2022,0.609568534,4,13/09/2022,80.35500394,86.72046912,2.52520038
57,35,7,57,257,USD,14/09/2022,0.091066182,11,14/09/2022,11.38736495,20.42743972,5.258935269
71,87,6,83,258,USD,15/09/2022,0.473919761,10,15/09/2022,83.51744325,86.06517687,9.741666047
17,91,4,38,259,USD,16/09/2022,0.193700293,3,16/09/2022,37.04740815,41.83354828,4.351296684
50,60,2,32,260,USD,17/09/2022,0.208383679,1,17/09/2022,23.47061181,31.96619965,4.344157977
32,90,8,86,261,USD,18/09/2022,0.661303962,12,18/09/2022,30.36977558,31.54286091,2.755272086
22,52,6,66,262,USD,19/09/2022,0.911256152,15,19/09/2022,52.17218239,54.18199469,2.028908027
55,8,3,77,263,USD,20/09/2022,0.40375661,15,20/09/2022,48.23811344,58.15320035,7.662743117
57,80,7,87,264,USD,21/09/2022,0.207749273,14,21/09/2022,35.99985694,39.52340455,7.930274218
13,41,10,25,265,USD,22/09/2022,0.648746937,7,22/09/2022,25.499649,35.27953774,9.721116672
47,3,7,92,266,USD,23/09/2022,0.871187046,17,23/09/2022,78.60077107,81.24355503,7.960763898
87,96,6,58,267,USD,24/09/2022,0.748318801,19,24/09/2022,99.10988054,103.3597305,3.190172446
62,69,2,75,268,USD,25/09/2022,0.868757231,7,25/09/2022,80.00124224,87.77706724,1.361049205
54,84,8,33,269,USD,26/09/2022,0.536554671,3,26/09/2022,36.63432709,43.55433276,9.868936459
29,14,1,88,270,USD,27/09/2022,0.751876244,3,27/09/2022,32.03280653,38.26290813,4.06405626
22,96,1,66,271,USD,28/09/2022,0.140064559,18,28/09/2022,29.58992885,35.35902143,3.807743882
65,26,6,30,272,USD,29/09/2022,0.348274615,14,29/09/2022,22.3025567,30.8935207,9.153596888
29,70,5,81,273,USD,30/09/2022,0.389549164,3,30/09/2022,59.61974947,62.73428654,6.265899087
48,58,9,34,274,USD,01/10/2022,0.511295746,7,01/10/2022,64.48603348,69.46827182,2.933840565
5,100,7,86,275,USD,02/10/2022,0.92907636,7,02/10/2022,73.49523946,75.89431009,9.001866184
35,40,2,69,276,USD,03/10/2022,0.87429656,5,03/10/2022,71.21920338,77.58267775,9.940247695
74,51,7,48,277,USD,04/10/2022,0.134525492,3,04/10/2022,36.30999802,39.56489783,1.78010705
83,5,3,40,278,USD,05/10/2022,0.172789652,18,05/10/2022,39.72799049,43.73256906,8.760264655
71,77,1,51,279,USD,06/10/2022,0.35764055,15,06/10/2022,71.33630819,76.57756464,4.514641279
46,32,8,80,280,USD,07/10/2022,0.290743866,14,07/10/2022,41.45028767,42.69122294,5.716652019
35,80,3,13,281,USD,08/10/2022,0.614770953,4,08/10/2022,29.13608707,30.96352849,9.233343782
45,1,8,90,282,USD,09/10/2022,0.902776048,8,09/10/2022,43.69025383,50.86361682,9.760412762
13,77,7,31,283,USD,10/10/2022,0.962291542,13,10/10/2022,34.48757418,39.34830401,3.359475194
10,54,2,39,284,USD,11/10/2022,0.653602953,8,11/10/2022,17.94814491,26.73125691,2.915656939
66,11,1,63,285,USD,12/10/2022,0.838159201,15,12/10/2022,84.7125012,91.96454924,1.724649027
70,53,7,48,286,USD,13/10/2022,0.5252022,17,13/10/2022,86.78002502,87.8529335,6.056180674
72,8,1,87,287,USD,14/10/2022,0.208326947,5,14/10/2022,29.77752702,36.32793799,1.122439559
100,25,6,48,288,USD,15/10/2022,0.524688412,4,15/10/2022,15.82949796,17.67302175,4.707084678
25,40,10,61,289,USD,16/10/2022,0.555082601,11,16/10/2022,76.49446936,84.52286798,1.66045615
44,32,10,12,290,USD,17/10/2022,0.742457564,18,17/10/2022,29.03757633,38.96114552,4.647032046
60,88,8,78,291,USD,18/10/2022,0.21988299,10,18/10/2022,45.40919405,51.1899832,1.359389703
47,28,7,56,292,USD,19/10/2022,0.368310382,17,19/10/2022,15.7721727,22.9171882,8.516955345
40,78,4,18,293,USD,20/10/2022,0.364027469,15,20/10/2022,30.36426263,33.50009008,2.887650945
7,3,1,27,294,USD,21/10/2022,0.959439596,6,21/10/2022,81.36120505,86.29958474,3.954778393
46,100,1,28,295,USD,22/10/2022,0.44394496,16,22/10/2022,82.39568022,91.10053821,8.830431969
23,91,4,82,296,USD,23/10/2022,0.755093967,15,23/10/2022,28.63763424,31.14444077,7.716394552
83,84,5,80,297,USD,24/10/2022,0.750811381,8,24/10/2022,40.23224606,43.62206651,2.971345255
46,79,7,52,298,USD,25/10/2022,0.265544185,9,25/10/2022,22.08145772,27.0903608,1.647094768
86,62,4,16,299,USD,26/10/2022,0.571869689,11,26/10/2022,16.67553673,24.08577675,7.441063992
13,27,10,77,300,USD,27/10/2022,0.894302893,2,27/10/2022,99.2954543,103.6784099,4.516322956
21,45,1,58,301,USD,28/10/2022,0.475197719,13,28/10/2022,69.00345561,78.35304613,7.894719992
1,92,10,93,302,USD,29/10/2022,0.945117507,4,29/10/2022,58.78868583,60.63879929,5.007652951
19,25,7,9,303,USD,30/10/2022,0.214458229,9,30/10/2022,78.89486504,83.23210281,4.114021717
60,61,2,26,304,USD,31/10/2022,0.074159106,5,31/10/2022,85.60694437,92.98753148,5.060848674
33,44,2,28,305,USD,01/11/2022,0.891453873,19,01/11/2022,82.60432912,85.63821001,7.737030871
4,97,8,77,306,USD,02/11/2022,0.847681198,3,02/11/2022,11.48855044,18.39626864,9.119982579
3,46,10,36,307,USD,03/11/2022,0.992589876,3,03/11/2022,26.81271084,29.29066346,1.447904769
91,14,10,9,308,USD,04/11/2022,0.679393488,6,04/11/2022,68.94147719,70.44529975,5.717003871
52,8,10,47,309,USD,05/11/2022,0.936687927,10,05/11/2022,43.8183413,45.90748275,1.295518862
99,48,5,78,310,USD,06/11/2022,0.826949025,5,06/11/2022,98.4234386,107.7933016,5.215685905
28,14,10,51,311,USD,07/11/2022,0.844426333,3,07/11/2022,69.88643134,75.85218928,8.967545462
70,65,2,76,312,USD,08/11/2022,0.56914157,7,08/11/2022,96.08940179,104.2565138,4.254312398
70,80,5,57,313,USD,09/11/2022,0.382364598,18,09/11/2022,28.13018335,32.12407386,9.39205379
55,82,8,32,314,USD,10/11/2022,0.934558073,8,10/11/2022,87.75613253,94.09006036,6.675476245
57,7,6,67,315,USD,11/11/2022,0.432117176,1,11/11/2022,38.92170752,44.37627673,9.407398094
87,79,3,57,316,USD,12/11/2022,0.538819367,4,12/11/2022,99.06083274,108.5724744,7.814499629
97,88,8,54,317,USD,13/11/2022,0.446114307,7,13/11/2022,24.19198049,31.92015221,1.9309165
16,49,9,16,318,USD,14/11/2022,0.564818314,14,14/11/2022,56.4705837,64.04546738,3.080362308
24,55,5,62,319,USD,15/11/2022,0.470505079,13,15/11/2022,81.35600805,82.77318747,4.547534091
69,13,2,84,320,USD,16/11/2022,0.047967559,10,16/11/2022,48.93782325,54.88485028,2.530961938
41,73,2,96,321,USD,17/11/2022,0.882048186,18,17/11/2022,52.12756542,57.3304885,5.454204443
77,56,7,56,322,USD,18/11/2022,0.444393819,1,18/11/2022,98.7720216,108.122602,5.242313401
47,56,1,23,323,USD,19/11/2022,0.588943649,4,19/11/2022,48.27773353,51.59381142,9.606332782
76,15,10,17,324,USD,20/11/2022,0.139187803,16,20/11/2022,64.36648905,67.79499013,4.903550946
69,57,2,80,325,USD,21/11/2022,0.003387848,16,21/11/2022,14.90856946,19.6106857,8.070641239
31,58,10,38,326,USD,22/11/2022,0.245290094,18,22/11/2022,85.79890722,88.98923464,9.477194904
92,35,4,72,327,USD,23/11/2022,0.704586032,8,23/11/2022,68.33512441,70.49777967,8.892899479
92,88,1,83,328,USD,24/11/2022,0.09919453,10,24/11/2022,46.36180926,55.07854288,2.878008621
30,97,4,30,329,USD,25/11/2022,0.90888744,16,25/11/2022,11.4552586,17.47974732,5.464269048
18,16,10,58,330,USD,26/11/2022,0.215022569,11,26/11/2022,63.25019385,72.00245832,4.129658041
44,8,5,98,331,USD,27/11/2022,0.204593614,6,27/11/2022,11.13920456,19.61941745,4.598728256
27,93,9,78,332,USD,28/11/2022,0.181507962,1,28/11/2022,10.10832525,13.64670644,4.247261436
99,87,1,22,333,USD,29/11/2022,0.013981713,12,29/11/2022,65.44887059,71.37850759,8.437232892
26,45,5,17,334,USD,30/11/2022,0.771805468,6,30/11/2022,27.01153606,28.76049538,5.069251496
60,95,2,15,335,USD,01/12/2022,0.875034531,13,01/12/2022,27.26987947,36.50714643,5.71324899
18,40,9,48,336,USD,02/12/2022,0.614162703,17,02/12/2022,68.79444092,73.43280536,9.842026213
97,54,6,32,337,USD,03/12/2022,0.188199982,1,03/12/2022,14.83274691,19.37583257,1.53981345
89,14,2,77,338,USD,04/12/2022,0.285277997,8,04/12/2022,38.20650053,41.93129887,5.391618758
56,59,3,85,339,USD,05/12/2022,0.475926697,8,05/12/2022,23.44887119,28.5948449,7.966555363
31,94,8,40,340,USD,06/12/2022,0.954345952,11,06/12/2022,62.21587328,65.48170776,2.360457624
59,53,1,97,341,USD,07/12/2022,0.247351372,14,07/12/2022,69.55886393,73.93253438,6.503784352
2,27,3,57,342,USD,08/12/2022,0.731645904,10,08/12/2022,74.90222682,83.10175026,3.155183016
97,47,10,58,343,USD,09/12/2022,0.439448223,15,09/12/2022,32.97080952,41.47910905,8.806637019
39,80,1,91,344,USD,10/12/2022,0.297847348,7,10/12/2022,18.03247765,21.77011995,3.943896989
61,6,8,99,345,USD,11/12/2022,0.455915937,7,11/12/2022,17.08152912,22.302659,3.961565352
63,55,1,16,346,USD,12/12/2022,0.071206718,10,12/12/2022,48.35363936,57.21801735,6.383744907
96,97,5,28,347,USD,13/12/2022,0.798687371,4,13/12/2022,95.12599682,96.6000568,2.652066173
18,44,4,98,348,USD,14/12/2022,0.243301928,18,14/12/2022,29.59561308,38.59791774,3.56399775
17,18,7,1,349,USD,15/12/2022,0.725412123,10,15/12/2022,33.10674412,36.07940323,4.749686651
98,16,5,41,350,USD,16/12/2022,0.068348371,19,16/12/2022,19.07999219,26.18684539,4.182740768
39,12,8,48,351,USD,17/12/2022,0.955098556,14,17/12/2022,64.50132465,70.74428992,5.723894962
71,20,1,31,352,USD,18/12/2022,0.193014985,13,18/12/2022,71.18855866,77.16502539,6.396761297
54,45,5,36,353,USD,19/12/2022,0.882742076,15,19/12/2022,67.86380873,76.59805076,6.100007084
99,64,4,33,354,USD,20/12/2022,0.80947321,16,20/12/2022,87.50172187,89.41587117,6.887514808
94,59,3,33,355,USD,21/12/2022,0.967859924,2,21/12/2022,53.77832515,57.90157738,3.769745649
76,93,5,82,356,USD,22/12/2022,0.477890661,4,22/12/2022,22.10113367,27.94540839,2.137836044
35,94,10,23,357,USD,23/12/2022,0.727397294,18,23/12/2022,36.04646176,44.34806145,7.847267873
11,90,3,60,358,USD,24/12/2022,0.370710657,17,24/12/2022,69.61869761,72.56668536,8.657023444
61,22,8,87,359,USD,25/12/2022,0.184368238,10,25/12/2022,65.18097764,73.40734621,3.31305609
44,97,3,79,360,USD,26/12/2022,0.443075933,9,26/12/2022,57.79028168,62.38702802,4.663827605
68,47,1,90,361,USD,27/12/2022,0.165749015,15,27/12/2022,71.46679768,74.16702239,5.487122953
25,29,9,30,362,USD,28/12/2022,0.982044623,12,28/12/2022,67.36517653,75.1960545,5.799941585
48,86,9,89,363,USD,29/12/2022,0.096246491,9,29/12/2022,89.31924005,91.13733017,6.93541154
32,45,6,45,364,USD,30/12/2022,0.589211723,14,30/12/2022,62.74147397,68.37438034,1.3744291
84,77,10,80,365,USD,31/12/2022,0.626463855,13,31/12/2022,80.07412228,81.64900434,7.493293745
95,9,1,39,366,USD,01/01/2023,0.538079543,6,01/01/2023,32.38364404,36.59140473,1.557739063
4,24,8,45,367,USD,02/01/2023,0.662185886,19,02/01/2023,71.03643261,77.4461238,5.214597109
38,15,2,78,368,USD,03/01/2023,0.116180775,4,03/01/2023,91.19747065,97.20251053,8.44904022
63,36,9,81,369,USD,04/01/2023,0.555018524,17,04/01/2023,44.71590951,49.35780827,5.06093782
47,13,8,12,370,USD,05/01/2023,0.287212571,19,05/01/2023,80.11937686,84.98080881,2.341807739
1,91,3,93,371,USD,06/01/2023,0.940176063,3,06/01/2023,75.23103711,78.27196309,9.865304605
3,44,5,32,372,USD,07/01/2023,0.762071653,14,07/01/2023,15.35735772,20.46030101,9.003569159
86,71,9,56,373,USD,08/01/2023,0.972514482,17,08/01/2023,62.33574787,71.91504157,7.941822699
62,72,1,24,374,USD,09/01/2023,0.03755607,13,09/01/2023,21.71704143,30.37111769,4.703604426
64,78,9,13,375,USD,10/01/2023,0.285133175,9,10/01/2023,97.0587255,99.36582132,2.654611542
17,76,4,20,376,USD,11/01/2023,0.195422587,1,11/01/2023,83.02667524,84.29470233,9.472700633
78,36,4,79,377,USD,12/01/2023,0.011154587,17,12/01/2023,19.87514211,29.27686093,5.791160139
62,61,4,56,378,USD,13/01/2023,0.24232573,16,13/01/2023,20.95767979,26.69842754,8.671199143
35,81,10,53,379,USD,14/01/2023,0.678775984,18,14/01/2023,63.50264694,69.34318735,4.078855052
13,40,9,68,380,USD,15/01/2023,0.231088922,2,15/01/2023,41.04002568,49.06648764,4.017594854
35,93,6,54,381,USD,16/01/2023,0.509003445,14,16/01/2023,13.14152732,16.97372808,9.869864326
43,27,8,34,382,USD,17/01/2023,0.887818115,17,17/01/2023,58.7477357,64.08490382,5.696497436
2,1,4,28,383,USD,18/01/2023,0.69375792,3,18/01/2023,44.90605897,54.62402519,2.266258815
56,34,3,50,384,USD,19/01/2023,0.39462907,2,19/01/2023,19.09688431,26.1462225,2.977072102
77,68,1,2,385,USD,20/01/2023,0.372468939,8,20/01/2023,82.1728353,84.55654059,5.337498515
51,88,10,94,386,USD,21/01/2023,0.455735814,2,21/01/2023,92.35690888,94.55594961,1.382238194
54,21,7,26,387,USD,22/01/2023,0.177041441,2,22/01/2023,78.09345406,80.93183689,5.162805868
16,33,4,51,388,USD,23/01/2023,0.634000767,9,23/01/2023,84.0180079,91.91841297,4.770467579
18,7,8,47,389,USD,24/01/2023,0.364152819,6,24/01/2023,29.48415105,33.14254409,8.014026388
7,65,3,26,390,USD,25/01/2023,0.852365349,12,25/01/2023,33.72156558,34.9140652,4.19447768
45,3,1,84,391,USD,26/01/2023,0.75655266,9,26/01/2023,28.76747863,38.2650479,9.842938854
36,51,5,92,392,USD,27/01/2023,0.610513164,7,27/01/2023,78.85570882,81.38312957,2.626929274
41,79,2,84,393,USD,28/01/2023,0.364202223,12,28/01/2023,95.3125371,96.39856078,6.318880165
94,95,3,75,394,USD,29/01/2023,0.209931832,5,29/01/2023,74.51534861,77.64953303,1.807293673
42,54,6,74,395,USD,30/01/2023,0.776151864,16,30/01/2023,89.33200884,92.44726792,7.604775856
7,80,3,61,396,USD,31/01/2023,0.486409099,5,31/01/2023,67.48291854,72.2809658,9.952783193
15,74,3,23,397,USD,01/02/2023,0.224750038,12,01/02/2023,44.88939105,54.17289953,8.37224774
60,93,6,37,398,USD,02/02/2023,0.195174615,9,02/02/2023,48.31854534,57.2312096,6.001331866
40,59,5,41,399,USD,03/02/2023,0.165400905,7,03/02/2023,16.7789289,21.89097989,5.362672217
83,6,10,52,400,USD,04/02/2023,0.777161196,19,04/02/2023,12.83114757,17.52924672,8.515269651
37,29,9,83,401,USD,05/02/2023,0.228987185,11,05/02/2023,72.59280438,78.58788616,9.423766762
66,17,1,82,402,USD,06/02/2023,0.526642264,12,06/02/2023,49.45860028,52.64968639,9.902858732
55,60,3,49,403,USD,07/02/2023,0.451546361,3,07/02/2023,59.69935612,61.16902105,4.568853048
77,22,3,27,404,USD,08/02/2023,0.579610899,17,08/02/2023,60.18951229,69.64252951,9.918257273
95,24,6,6,405,USD,09/02/2023,0.8771549,7,09/02/2023,34.9638232,37.64411406,2.40333627
80,81,8,74,406,USD,10/02/2023,0.86774739,10,10/02/2023,52.83032597,55.61593254,3.281947983
56,85,3,66,407,USD,11/02/2023,0.451076072,15,11/02/2023,52.36841995,57.62056291,1.801145123
44,51,3,24,408,USD,12/02/2023,0.015366251,2,12/02/2023,44.95844991,50.38297001,3.445646648
57,50,6,38,409,USD,13/02/2023,0.426443806,13,13/02/2023,83.86078451,85.02669239,7.911437965
6,11,8,28,410,USD,14/02/2023,0.606193537,4,14/02/2023,50.60476033,52.93635298,8.676319224
92,56,6,28,411,USD,15/02/2023,0.557764759,18,15/02/2023,64.32800721,68.73140057,8.010033806
32,71,10,66,412,USD,16/02/2023,0.651336106,1,16/02/2023,90.59681083,97.75038708,6.679592004
74,42,3,61,413,USD,17/02/2023,0.154075732,2,17/02/2023,87.96102606,91.01679217,5.625698613
18,39,4,46,414,USD,18/02/2023,0.646535099,2,18/02/2023,90.13799834,94.94512836,7.378338603
68,69,1,69,415,USD,19/02/2023,0.182651619,4,19/02/2023,34.30044968,40.31655526,4.517501943
73,48,8,75,416,USD,20/02/2023,0.750523981,3,20/02/2023,13.14842395,22.1457564,8.571775163
7,57,4,74,417,USD,21/02/2023,0.339087613,17,21/02/2023,33.49601199,37.43064651,7.094710846
8,21,6,43,418,USD,22/02/2023,0.709895433,14,22/02/2023,35.08366111,37.2856855,7.280242286
64,82,3,59,419,USD,23/02/2023,0.047865599,2,23/02/2023,91.84242941,97.24587944,5.823423938
7,99,6,2,420,USD,24/02/2023,0.407860026,16,24/02/2023,68.43184596,76.15234037,8.967060858
41,20,9,15,421,USD,25/02/2023,0.705034522,11,25/02/2023,17.35335636,19.34209418,3.268132603
40,15,9,37,422,USD,26/02/2023,0.226870516,13,26/02/2023,22.18407364,27.00622507,4.43032888
3,69,10,71,423,USD,27/02/2023,0.795287045,1,27/02/2023,24.0108513,25.17091757,7.998783127
17,77,3,20,424,USD,28/02/2023,0.630779733,2,28/02/2023,66.73795734,68.03998997,5.434740065
66,51,3,98,425,USD,01/03/2023,0.587561772,2,01/03/2023,76.1872623,81.53384256,9.002926121
79,76,4,35,426,USD,02/03/2023,0.353548854,5,02/03/2023,87.36795195,91.05172763,4.117593878
93,62,7,34,427,USD,03/03/2023,0.48245147,4,03/03/2023,94.65728957,103.2632553,4.323971519
52,85,3,86,428,USD,04/03/2023,0.597349301,12,04/03/2023,28.15341016,34.57279892,8.998622104
22,37,10,31,429,USD,05/03/2023,0.472462114,3,05/03/2023,37.87952363,42.96492028,5.179332882
4,6,8,87,430,USD,06/03/2023,0.698313324,10,06/03/2023,31.62905927,36.30047761,5.645121258
6,71,8,19,431,USD,07/03/2023,0.433696933,18,07/03/2023,42.28854107,47.76375039,3.994873438
38,26,6,68,432,USD,08/03/2023,0.202273182,10,08/03/2023,92.31985967,93.68380915,3.49002948
26,8,4,24,433,USD,09/03/2023,0.213933783,1,09/03/2023,61.76013102,70.79527123,6.903538398
11,73,5,84,434,USD,10/03/2023,0.005803769,6,10/03/2023,76.43727076,86.42199916,2.078565954
90,91,2,39,435,USD,11/03/2023,0.300957716,11,11/03/2023,54.11073125,56.74411538,8.913453771
17,4,6,92,436,USD,12/03/2023,0.74891764,2,12/03/2023,12.5972122,14.68065888,8.012828231
88,21,3,54,437,USD,13/03/2023,0.794162709,7,13/03/2023,15.77759374,18.06979091,2.716734373
92,31,6,39,438,USD,14/03/2023,0.202467542,18,14/03/2023,58.41307281,65.36231634,7.246179512
99,21,5,17,439,USD,15/03/2023,0.959043997,19,15/03/2023,74.69101313,81.64398068,6.423696292
31,25,2,19,440,USD,16/03/2023,0.502402793,4,16/03/2023,29.37974748,38.01106494,2.660815457
77,15,5,48,441,USD,17/03/2023,0.916978749,13,17/03/2023,74.97186166,82.73829916,3.458831554
35,35,5,35,442,USD,18/03/2023,0.706765282,18,18/03/2023,82.95991961,88.00712667,4.680878534
16,49,9,32,443,USD,19/03/2023,0.722433423,13,19/03/2023,47.07077305,53.58647131,7.293184617
79,43,8,47,444,USD,20/03/2023,0.085043621,19,20/03/2023,77.17773096,84.37229299,6.748510679
18,41,7,47,445,USD,21/03/2023,0.219991127,17,21/03/2023,46.36269553,51.97732376,5.790113629
62,37,3,64,446,USD,22/03/2023,0.008814833,1,22/03/2023,71.05155665,76.33241551,7.915694888
27,57,10,46,447,USD,23/03/2023,0.71612764,6,23/03/2023,78.75973444,85.56561145,7.821439656
35,42,4,35,448,USD,24/03/2023,0.344438288,19,24/03/2023,99.27339565,105.2906666,6.560732387
45,47,6,94,449,USD,25/03/2023,0.786652516,1,25/03/2023,41.08569959,47.88118033,8.08291075
35,92,3,17,450,USD,26/03/2023,0.33893622,8,26/03/2023,46.99367025,53.50936322,4.008370373
28,61,9,42,451,USD,27/03/2023,0.819333752,17,27/03/2023,24.90580535,32.37857439,8.931245755
9,14,8,29,452,USD,28/03/2023,0.130698254,15,28/03/2023,28.36657526,35.15180684,6.534190772
76,68,6,70,453,USD,29/03/2023,0.173373157,18,29/03/2023,72.40555023,78.08323261,8.401271624
15,53,4,17,454,USD,30/03/2023,0.34087654,7,30/03/2023,92.53410311,99.67027442,5.916511943
21,84,7,81,455,USD,31/03/2023,0.408487389,16,31/03/2023,45.51444565,50.55978334,2.965944205
52,34,3,14,456,USD,01/04/2023,0.348702811,7,01/04/2023,26.18600022,29.36104125,5.881691158
35,76,10,24,457,USD,02/04/2023,0.763647033,17,02/04/2023,35.65895494,36.67171893,4.340004974
97,97,8,57,458,USD,03/04/2023,0.096951393,4,03/04/2023,50.95465343,56.99433076,7.277491324
51,24,1,50,459,USD,04/04/2023,0.35121702,12,04/04/2023,36.15852964,42.47442668,5.282144126
83,20,3,57,460,USD,05/04/2023,0.83724,13,05/04/2023,31.02211748,40.77055816,8.525015244
55,69,5,61,461,USD,06/04/2023,0.066797077,4,06/04/2023,76.23860399,80.49190899,7.102652611
87,30,5,39,462,USD,07/04/2023,0.942343508,1,07/04/2023,10.70604291,15.2532421,7.160899897
77,88,10,55,463,USD,08/04/2023,0.986316842,1,08/04/2023,58.53074746,61.34694369,2.954398001
44,7,2,96,464,USD,09/04/2023,0.088568174,7,09/04/2023,81.43901263,83.07382129,9.858247898
65,36,10,36,465,USD,10/04/2023,0.291272522,9,10/04/2023,33.96054577,41.9157862,8.575076883
93,38,8,37,466,USD,11/04/2023,0.372400666,1,11/04/2023,64.29623596,67.54336553,8.101043961
88,80,5,14,467,USD,12/04/2023,0.776391369,16,12/04/2023,70.20100951,76.68115325,3.971937026
80,52,7,27,468,USD,13/04/2023,0.595926812,18,13/04/2023,68.95222268,76.14218,5.820684876
25,15,7,83,469,USD,14/04/2023,0.6443657,15,14/04/2023,50.12646708,55.36759726,2.233928693
87,46,5,31,470,USD,15/04/2023,0.757509823,6,15/04/2023,41.19201891,50.07918793,5.84628379
92,23,8,73,471,USD,16/04/2023,0.117978999,2,16/04/2023,85.23316657,90.22732014,2.313003218
47,12,9,81,472,USD,17/04/2023,0.833209457,9,17/04/2023,78.26013613,81.82431374,5.977340596
80,93,4,83,473,USD,18/04/2023,0.705619804,4,18/04/2023,38.91296561,47.97710531,6.838496921
56,44,4,44,474,USD,19/04/2023,0.577341725,13,19/04/2023,19.2717275,28.02580606,4.511763705
38,15,8,68,475,USD,20/04/2023,0.889735335,11,20/04/2023,16.46267909,18.93903861,5.486903905
11,93,1,48,476,USD,21/04/2023,0.700306354,13,21/04/2023,18.48483801,19.71848718,8.880880489
67,49,4,57,477,USD,22/04/2023,0.201699963,11,22/04/2023,62.45824251,64.26811251,1.977068302
15,21,6,75,478,USD,23/04/2023,0.429745381,19,23/04/2023,14.64959582,18.22852241,8.125596037
1,15,4,22,479,USD,24/04/2023,0.494042867,8,24/04/2023,40.32341875,50.07375696,2.536790959
7,14,6,4,480,USD,25/04/2023,0.055217627,7,25/04/2023,77.78797317,83.81461855,1.330371845
1,42,5,81,481,USD,26/04/2023,0.954637513,16,26/04/2023,36.49133499,40.85069057,2.670171425
49,80,9,72,482,USD,27/04/2023,0.128577261,3,27/04/2023,78.69772695,87.6961718,7.88538871
96,15,10,46,483,USD,28/04/2023,0.697461267,17,28/04/2023,77.09203344,82.17026042,4.64613466
73,63,9,59,484,USD,29/04/2023,0.506231036,18,29/04/2023,32.12444194,35.96158959,8.852684652
29,68,4,34,485,USD,30/04/2023,0.02563225,15,30/04/2023,75.59399621,85.06497197,5.722367871
26,27,4,11,486,USD,01/05/2023,0.924747476,17,01/05/2023,77.29989744,85.94555644,1.200253167
87,87,8,31,487,USD,02/05/2023,0.851836809,11,02/05/2023,45.77085331,54.36386869,7.450422486
45,93,10,11,488,USD,03/05/2023,0.524257928,5,03/05/2023,28.93784354,34.54840622,1.992096178
93,53,4,56,489,USD,04/05/2023,0.228942336,16,04/05/2023,56.91437262,65.01931821,8.104416701
97,52,2,38,490,USD,05/05/2023,0.121622891,15,05/05/2023,92.92578292,95.53996315,2.512922948
71,63,2,21,491,USD,06/05/2023,0.363392479,10,06/05/2023,67.56550592,73.72451254,4.109017472
12,73,1,94,492,USD,07/05/2023,0.255428281,14,07/05/2023,25.56302479,35.41763809,7.851442867
95,53,5,10,493,USD,08/05/2023,0.506691201,2,08/05/2023,71.44812323,75.0667491,9.588082217
32,57,6,26,494,USD,09/05/2023,0.966409296,16,09/05/2023,48.44827246,56.59744342,4.342905556
20,52,9,91,495,USD,10/05/2023,0.574953493,19,10/05/2023,63.23759176,68.65189743,8.464601982
51,43,5,8,496,USD,11/05/2023,0.889931056,8,11/05/2023,76.06576315,77.4240143,2.717130389
81,7,6,8,497,USD,12/05/2023,0.650878837,15,12/05/2023,56.34526164,64.21243622,8.264617932
36,42,6,60,498,USD,13/05/2023,0.475246527,10,13/05/2023,83.25855771,85.77568001,6.917446533
67,4,3,72,499,USD,14/05/2023,0.854607563,5,14/05/2023,74.99400214,81.67726424,2.734691565
1,69,4,34,500,USD,15/05/2023,0.47136811,16,15/05/2023,65.3566006,67.12757835,3.722535643
27,5,1,16,501,USD,16/05/2023,0.868628171,12,16/05/2023,23.57135342,33.09316,2.185937997
40,75,4,13,502,USD,17/05/2023,0.29157677,13,17/05/2023,85.23541998,88.86093497,4.4467031
97,92,1,87,503,USD,18/05/2023,0.128813074,9,18/05/2023,94.23150268,97.2696849,2.83283777
84,80,5,76,504,USD,19/05/2023,0.855314464,17,19/05/2023,22.32686114,24.48908878,6.795981583
14,41,8,91,505,USD,20/05/2023,0.587415164,12,20/05/2023,53.94170165,63.45572139,9.950545938
100,94,8,22,506,USD,21/05/2023,0.889092398,5,21/05/2023,33.29998678,40.70712046,1.108082468
69,4,5,96,507,USD,22/05/2023,0.937827207,12,22/05/2023,77.90709767,85.58204567,5.86827832
87,2,10,27,508,USD,23/05/2023,0.05362839,1,23/05/2023,74.94666724,80.44130829,6.162999378
79,67,2,64,509,USD,24/05/2023,0.500969302,16,24/05/2023,22.67966085,27.95221092,9.227879107
6,21,6,2,510,USD,25/05/2023,0.374964549,12,25/05/2023,88.93245441,90.9226456,5.554048013
33,70,1,97,511,USD,26/05/2023,0.625858397,9,26/05/2023,26.28757576,32.32614562,5.893312777
55,43,7,26,512,USD,27/05/2023,0.793591197,13,27/05/2023,81.75331231,84.97556076,5.244875212
19,82,4,92,513,USD,28/05/2023,0.280590216,17,28/05/2023,51.12823237,60.92254036,3.420138741
77,69,5,83,514,USD,29/05/2023,0.556798384,17,29/05/2023,39.54450642,47.71373488,1.504262199
29,9,6,69,515,USD,30/05/2023,0.70872858,4,30/05/2023,24.24153364,28.95846218,4.67791914
61,84,1,97,516,USD,31/05/2023,0.134431083,14,31/05/2023,25.08528305,27.44735438,1.473323241
70,28,9,84,517,USD,01/06/2023,0.814066906,19,01/06/2023,69.57014992,77.63813514,5.954432225
79,26,10,30,518,USD,02/06/2023,0.6061096,7,02/06/2023,59.53873492,61.63721882,3.765642789
80,82,4,8,519,USD,03/06/2023,0.949537437,3,03/06/2023,20.98768795,23.69169173,5.802421614
24,83,8,38,520,USD,04/06/2023,0.339528919,1,04/06/2023,20.14280744,23.0464921,2.20867268
23,3,5,61,521,USD,05/06/2023,0.108145942,12,05/06/2023,16.50795173,22.51996747,9.393669692
10,73,8,81,522,USD,06/06/2023,0.506501201,15,06/06/2023,76.93906126,85.02257115,9.050691192
54,100,1,65,523,USD,07/06/2023,0.085810772,11,07/06/2023,74.06938767,77.89822158,2.709968583
41,95,8,67,524,USD,08/06/2023,0.969526523,10,08/06/2023,15.25878918,17.02081751,4.09099855
49,49,4,46,525,USD,09/06/2023,0.038684958,2,09/06/2023,60.4243068,65.60515298,6.521434947
17,17,2,90,526,USD,10/06/2023,0.753503901,4,10/06/2023,17.62085397,25.35384614,1.861175866
56,63,6,95,527,USD,11/06/2023,0.525102398,17,11/06/2023,91.33711935,94.33209394,4.19111039
45,55,2,72,528,USD,12/06/2023,0.368620652,17,12/06/2023,91.64056773,94.61988866,3.260010581
30,23,5,43,529,USD,13/06/2023,0.065842165,8,13/06/2023,72.84096908,82.36601233,9.239650558
44,34,2,59,530,USD,14/06/2023,0.622166924,14,14/06/2023,93.35700293,102.9443865,8.672595727
74,69,3,46,531,USD,15/06/2023,0.585220329,4,15/06/2023,83.03077274,92.94496433,6.218494671
55,15,6,72,532,USD,16/06/2023,0.280883273,6,16/06/2023,84.56847183,92.83740825,5.683117032
19,47,1,35,533,USD,17/06/2023,0.910221701,19,17/06/2023,61.27370655,63.96736407,9.376532151
29,3,6,39,534,USD,18/06/2023,0.304110007,4,18/06/2023,37.54532784,40.45316153,9.391850047
2,83,3,92,535,USD,19/06/2023,0.449725411,3,19/06/2023,29.60192036,33.66394753,9.723971128
36,28,7,51,536,USD,20/06/2023,0.543762456,6,20/06/2023,39.44800198,43.31119477,2.128409957
19,3,2,4,537,USD,21/06/2023,0.100231878,7,21/06/2023,66.56458871,76.17333845,2.445020297
7,4,6,80,538,USD,22/06/2023,0.932161719,14,22/06/2023,25.53908822,33.64075407,7.090630288
26,88,8,77,539,USD,23/06/2023,0.374536152,12,23/06/2023,33.2776213,40.79370043,5.872910289
79,31,1,84,540,USD,24/06/2023,0.080779214,16,24/06/2023,52.12547765,54.79914667,1.166193144
38,45,9,51,541,USD,25/06/2023,0.387291174,8,25/06/2023,30.97450887,40.1602389,1.557775324
3,59,5,5,542,USD,26/06/2023,0.600202547,2,26/06/2023,62.97793027,71.42876369,8.99272344
80,45,5,55,543,USD,27/06/2023,0.513652672,13,27/06/2023,93.08584256,95.55861913,8.81983716
66,75,5,20,544,USD,28/06/2023,0.694541974,8,28/06/2023,77.32804291,86.1685759,4.215438298
95,37,6,24,545,USD,29/06/2023,0.055483942,16,29/06/2023,69.97839527,73.4286231,9.019455552
92,65,2,36,546,USD,30/06/2023,0.28454061,4,30/06/2023,62.44493284,64.17276055,6.34307567
71,9,6,34,547,USD,01/07/2023,0.819230577,16,01/07/2023,53.91531183,60.82671259,8.253150823
94,17,4,54,548,USD,02/07/2023,0.079893688,6,02/07/2023,26.79074737,33.6749893,4.84687964
43,65,8,34,549,USD,03/07/2023,0.855485955,4,03/07/2023,90.52394099,92.37832907,2.020584946
62,3,9,83,550,USD,04/07/2023,0.091896092,16,04/07/2023,32.36824018,36.23790646,4.903543564
71,26,9,17,551,USD,05/07/2023,0.834454215,13,05/07/2023,18.21779898,28.15312914,5.115698182
100,53,8,5,552,USD,06/07/2023,0.360788401,5,06/07/2023,77.50136613,84.60720613,5.958497745
93,31,3,89,553,USD,07/07/2023,0.612209063,15,07/07/2023,25.80539809,33.37607459,1.950244416
24,26,10,18,554,USD,08/07/2023,0.152887116,8,08/07/2023,43.47063996,46.38689553,9.922616767
39,23,4,55,555,USD,09/07/2023,0.066168722,7,09/07/2023,12.54564355,14.25468219,3.197231387
68,30,1,53,556,USD,10/07/2023,0.215938204,14,10/07/2023,22.33611483,25.82823004,2.786971632
93,10,9,50,557,USD,11/07/2023,0.127853818,7,11/07/2023,25.58832677,28.82841224,5.74122627
44,72,5,72,558,USD,12/07/2023,0.312405898,7,12/07/2023,14.8969115,18.0078084,5.834873615
5,89,6,91,559,USD,13/07/2023,0.514383247,18,13/07/2023,69.0991261,71.83391499,4.95838664
55,64,3,79,560,USD,14/07/2023,0.588759464,10,14/07/2023,85.33070162,91.50350284,7.947029317
93,22,10,45,561,USD,15/07/2023,0.789868107,18,15/07/2023,43.59838657,47.55131786,5.649889607
30,15,8,13,562,USD,16/07/2023,0.656239893,14,16/07/2023,88.7118829,97.09498804,6.487259096
29,56,7,16,563,USD,17/07/2023,0.608758325,10,17/07/2023,29.20119171,31.85671847,7.513717469
26,74,1,86,564,USD,18/07/2023,0.411782027,7,18/07/2023,39.28513812,44.46678176,1.225225914
83,20,10,84,565,USD,19/07/2023,0.473808435,7,19/07/2023,23.56632937,24.6892499,6.135797643
26,47,5,13,566,USD,20/07/2023,0.414520829,7,20/07/2023,65.85032759,71.18546849,8.957750241
37,87,10,20,567,USD,21/07/2023,0.84216603,5,21/07/2023,47.78826318,49.29080717,1.156498686
91,53,9,66,568,USD,22/07/2023,0.230000453,1,22/07/2023,65.19550122,74.99501282,4.646638934
94,53,6,99,569,USD,23/07/2023,0.005720932,14,23/07/2023,78.55074149,86.66607064,9.336047052
53,1,8,47,570,USD,24/07/2023,0.651319897,18,24/07/2023,59.11327144,64.52427473,4.178389621
30,2,10,19,571,USD,25/07/2023,0.202462184,13,25/07/2023,66.48673194,68.26601816,5.128559418
3,58,1,45,572,USD,26/07/2023,0.890115136,8,26/07/2023,94.1725283,100.5045373,9.833872537
43,19,10,37,573,USD,27/07/2023,0.85904633,8,27/07/2023,36.91578786,44.74466162,2.793914731
7,62,7,54,574,USD,28/07/2023,0.076727372,10,28/07/2023,42.32475448,45.04120975,1.587296702
49,78,3,6,575,USD,29/07/2023,0.106388405,17,29/07/2023,74.59330255,80.70717762,8.734803318
73,72,9,14,576,USD,30/07/2023,0.495171592,6,30/07/2023,65.01749653,73.34539462,8.816188071
41,12,6,4,577,USD,31/07/2023,0.609222663,15,31/07/2023,26.06796141,33.98219141,5.248700512
77,26,5,86,578,USD,01/08/2023,0.274908337,15,01/08/2023,43.8532579,52.08018606,5.62786457
79,27,8,55,579,USD,02/08/2023,0.716797717,16,02/08/2023,52.10542118,61.01933201,8.522257327
54,29,8,100,580,USD,03/08/2023,0.594916021,8,03/08/2023,47.74508542,57.18422434,7.647035483
69,15,3,34,581,USD,04/08/2023,0.32482411,19,04/08/2023,26.04473275,30.69442315,3.38634102
93,46,2,27,582,USD,05/08/2023,0.025371488,15,05/08/2023,93.19870826,99.31763018,1.152040196
99,1,2,7,583,USD,06/08/2023,0.750150281,3,06/08/2023,78.60868855,86.72462429,5.317301463
91,60,5,3,584,USD,07/08/2023,0.214753666,6,07/08/2023,53.32202489,60.59628322,8.730210935
27,92,10,47,585,USD,08/08/2023,0.834473743,8,08/08/2023,71.20549255,81.1651746,9.06251209
8,57,7,97,586,USD,09/08/2023,0.42029026,16,09/08/2023,90.75544049,91.87853935,9.606035774
32,3,8,2,587,USD,10/08/2023,0.577077443,15,10/08/2023,22.25567281,26.45187175,8.916069139
84,18,10,80,588,USD,11/08/2023,0.87294873,13,11/08/2023,32.53357456,36.0628259,6.220391998
64,52,8,25,589,USD,12/08/2023,0.863623001,15,12/08/2023,58.84311225,62.2039549,5.001450393
10,60,8,60,590,USD,13/08/2023,0.371519575,18,13/08/2023,81.91093342,84.91370146,7.973648619
13,34,10,79,591,USD,14/08/2023,0.208888893,13,14/08/2023,13.26294059,20.64505516,7.658394709
63,96,3,24,592,USD,15/08/2023,0.775146078,8,15/08/2023,98.56163352,100.3244688,5.843290871
93,93,2,15,593,USD,16/08/2023,0.433080204,14,16/08/2023,50.94159426,58.61607376,1.785946353
35,89,4,95,594,USD,17/08/2023,0.192041994,11,17/08/2023,42.33080266,49.57163523,9.334732121
61,60,1,14,595,USD,18/08/2023,0.904425342,6,18/08/2023,36.34519941,39.6024366,5.100422838
54,26,3,54,596,USD,19/08/2023,0.198104194,1,19/08/2023,25.69210369,28.96760774,4.270004037
8,72,9,78,597,USD,20/08/2023,0.025807168,2,20/08/2023,81.2416518,87.90139707,6.666106557
29,19,7,6,598,USD,21/08/2023,0.020279974,13,21/08/2023,95.98727483,103.8468148,7.064541651
95,22,7,78,599,USD,22/08/2023,0.622315356,1,22/08/2023,47.22802794,56.11639845,2.896191253
41,93,1,81,600,USD,23/08/2023,0.661675061,4,23/08/2023,95.71786253,104.3871186,8.532449603
30,33,7,18,601,USD,24/08/2023,0.311041705,2,24/08/2023,84.14178539,93.82573234,3.609433843
86,38,10,20,602,USD,25/08/2023,0.320010989,16,25/08/2023,53.29460147,59.52706553,2.680155333
21,35,7,62,603,USD,26/08/2023,0.339493915,3,26/08/2023,70.66235612,79.84025617,4.657598676
76,67,4,81,604,USD,27/08/2023,0.680158547,17,27/08/2023,49.14857613,57.42519558,7.575040728
11,83,7,80,605,USD,28/08/2023,0.058133791,5,28/08/2023,60.28510674,69.33711536,9.689123606
2,10,8,40,606,USD,29/08/2023,0.929116353,8,29/08/2023,15.22417033,16.32880974,8.283531379
50,91,3,39,607,USD,30/08/2023,0.222521044,12,30/08/2023,72.66371278,82.3568397,9.463135399
41,15,10,52,608,USD,31/08/2023,0.999673205,12,31/08/2023,14.754218,20.01598947,2.265452237
66,11,2,32,609,USD,01/09/2023,0.171522694,1,01/09/2023,83.53764522,91.72129213,1.64059119
98,90,7,73,610,USD,02/09/2023,0.771546457,1,02/09/2023,84.24522365,86.39006073,6.019342857
3,24,5,27,611,USD,03/09/2023,0.223412545,15,03/09/2023,31.33695588,35.90042574,3.612677347
80,77,5,52,612,USD,04/09/2023,0.080846802,17,04/09/2023,39.12965029,42.57279626,8.452494757
51,96,5,97,613,USD,05/09/2023,0.874933324,2,05/09/2023,53.31793407,56.942863,7.047890843
68,4,7,63,614,USD,06/09/2023,0.858751259,17,06/09/2023,63.69966162,65.8089622,9.736553476
87,13,9,74,615,USD,07/09/2023,0.403570392,9,07/09/2023,35.86182956,44.11370405,3.293131202
84,73,8,63,616,USD,08/09/2023,0.702396143,12,08/09/2023,63.32377642,64.40695725,5.372057029
25,57,6,17,617,USD,09/09/2023,0.557065933,4,09/09/2023,36.80083659,40.6133857,5.511164297
30,98,7,49,618,USD,10/09/2023,0.852956114,13,10/09/2023,14.9941649,17.56385979,3.152591154
82,37,9,100,619,USD,11/09/2023,0.315055969,4,11/09/2023,10.22747948,16.52882995,6.310840595
11,48,6,81,620,USD,12/09/2023,0.5236724,7,12/09/2023,19.10359521,22.39186684,4.989573875
93,71,1,82,621,USD,13/09/2023,0.485372371,14,13/09/2023,81.30256301,84.63354911,5.020494004
17,1,4,23,622,USD,14/09/2023,0.353905826,9,14/09/2023,96.52881811,101.9238614,4.264629832
26,60,8,98,623,USD,15/09/2023,0.891455065,1,15/09/2023,48.42695794,55.30115929,1.152364172
23,12,7,72,624,USD,16/09/2023,0.165877925,1,16/09/2023,56.14155581,58.23329815,5.698857132
56,21,3,13,625,USD,17/09/2023,0.14950864,4,17/09/2023,23.21633522,25.79593829,4.017230521
52,11,10,23,626,USD,18/09/2023,0.576909535,1,18/09/2023,59.59282174,62.81739444,1.011878821
48,44,3,57,627,USD,19/09/2023,0.65749423,10,19/09/2023,23.01894118,32.78267511,3.771493369
20,58,3,62,628,USD,20/09/2023,0.194619254,2,20/09/2023,65.00928981,69.58366231,3.507654998
2,44,1,54,629,USD,21/09/2023,0.390717442,15,21/09/2023,93.99328008,100.3841909,4.541033379
88,78,10,20,630,USD,22/09/2023,0.946563843,3,22/09/2023,27.61286854,30.78675385,2.186667907
31,98,1,86,631,USD,23/09/2023,0.246617423,9,23/09/2023,78.81073463,84.22487035,5.569154422
27,34,6,52,632,USD,24/09/2023,0.668360702,17,24/09/2023,12.11521805,13.78229062,7.231963173
2,25,1,23,633,USD,25/09/2023,0.740149394,13,25/09/2023,43.79475172,45.10743103,6.671670121
78,4,5,35,634,USD,26/09/2023,0.448128699,3,26/09/2023,19.9673657,25.18596745,8.233794528
4,64,4,67,635,USD,27/09/2023,0.937525987,4,27/09/2023,41.72278974,46.31072333,5.068074592
13,90,5,34,636,USD,28/09/2023,0.736656735,4,28/09/2023,25.61832277,27.85024564,5.671825573
100,16,7,33,637,USD,29/09/2023,0.45792458,11,29/09/2023,43.59744911,50.78586197,8.293617468
35,10,6,46,638,USD,30/09/2023,0.569335202,7,30/09/2023,47.57705255,57.51318397,4.849310537
72,66,9,81,639,USD,01/10/2023,0.692613443,11,01/10/2023,37.05320105,41.61402244,7.314394149
66,35,6,45,640,USD,02/10/2023,0.59219018,11,02/10/2023,69.09597545,75.71700318,4.911421318
6,83,9,19,641,USD,03/10/2023,0.878697584,10,03/10/2023,92.69668461,102.3634681,4.759625751
31,6,4,94,642,USD,04/10/2023,0.356888662,5,04/10/2023,46.05358367,54.53739842,7.841850621
10,19,1,87,643,USD,05/10/2023,0.29988574,13,05/10/2023,27.31088408,32.48285409,2.573532239
21,59,1,15,644,USD,06/10/2023,0.213838889,12,06/10/2023,34.36504824,42.0024536,4.047273747
74,53,10,78,645,USD,07/10/2023,0.037782968,10,07/10/2023,86.86007411,89.01328948,3.017550491
23,8,7,66,646,USD,08/10/2023,0.043013964,7,08/10/2023,61.44757509,67.05650979,4.231989487
3,78,3,39,647,USD,09/10/2023,0.870055193,19,09/10/2023,50.95099291,54.4625354,3.073373401
32,10,2,18,648,USD,10/10/2023,0.678393146,19,10/10/2023,23.46730494,25.91777813,6.21465068
20,67,6,70,649,USD,11/10/2023,0.660532415,19,11/10/2023,50.47545775,55.31198591,8.183537224
74,38,6,59,650,USD,12/10/2023,0.614642819,12,12/10/2023,35.0642803,37.24341129,8.079517551
29,29,7,32,651,USD,13/10/2023,0.849219145,15,13/10/2023,94.88468151,102.1755475,4.280508681
52,15,5,21,652,USD,14/10/2023,0.480266926,5,14/10/2023,89.56630985,94.67247024,9.898843653
46,87,8,40,653,USD,15/10/2023,0.870410829,14,15/10/2023,17.55122876,23.33153046,6.344689282
34,23,7,92,654,USD,16/10/2023,0.359445026,12,16/10/2023,56.49881403,58.81619748,4.594602716
84,82,2,27,655,USD,17/10/2023,0.926707504,11,17/10/2023,30.2552511,32.51319605,8.519853513
61,46,1,2,656,USD,18/10/2023,0.69865698,5,18/10/2023,46.96993806,53.22067697,7.568866114
72,83,9,97,657,USD,19/10/2023,0.257177136,16,19/10/2023,88.91631984,98.78140757,7.743478031
71,28,5,80,658,USD,20/10/2023,0.564084922,18,20/10/2023,57.47630679,59.34256204,2.765254148
70,26,5,39,659,USD,21/10/2023,0.533030561,12,21/10/2023,40.0793764,43.65095926,5.214918766
11,10,10,86,660,USD,22/10/2023,0.137898822,5,22/10/2023,28.70995187,37.53508392,8.756453177
82,47,4,56,661,USD,23/10/2023,0.591242906,16,23/10/2023,82.02923735,83.67968546,5.536342069
93,4,2,13,662,USD,24/10/2023,0.314785624,12,24/10/2023,66.20662138,75.08959288,7.151074691
89,55,5,56,663,USD,25/10/2023,0.052348767,2,25/10/2023,52.12589144,57.84446529,6.291403597
63,66,2,66,664,USD,26/10/2023,0.948656158,6,26/10/2023,29.57359185,34.24799281,8.581211089
21,67,7,78,665,USD,27/10/2023,0.641490369,4,27/10/2023,40.08217367,43.86929875,3.561047558
3,7,9,56,666,USD,28/10/2023,0.876918932,13,28/10/2023,96.38590841,100.0599628,6.179277501
82,55,9,28,667,USD,29/10/2023,0.676056005,10,29/10/2023,56.80809438,60.56031763,2.109112012
88,80,6,64,668,USD,30/10/2023,0.356983692,17,30/10/2023,46.06293531,55.02616304,7.21189699
10,31,1,71,669,USD,31/10/2023,0.512688072,14,31/10/2023,56.92798381,64.44214088,7.587710545
27,74,6,82,670,USD,01/11/2023,0.67574676,15,01/11/2023,80.10896553,87.1364726,1.385535891
12,19,5,64,671,USD,02/11/2023,0.960252325,8,02/11/2023,40.60980429,48.79854663,7.082118673
7,28,4,56,672,USD,03/11/2023,0.253669459,18,03/11/2023,26.08355088,29.39758285,4.732211387
17,81,6,41,673,USD,04/11/2023,0.874977059,3,04/11/2023,62.64425065,69.20663596,2.116871885
65,28,6,100,674,USD,05/11/2023,0.924077805,17,05/11/2023,69.86836931,75.00896546,4.779167929
64,19,6,41,675,USD,06/11/2023,0.670415515,7,06/11/2023,74.14462027,82.18659498,2.748096367
26,87,2,100,676,USD,07/11/2023,0.931266627,13,07/11/2023,89.37888317,93.16218816,4.740035789
15,20,7,4,677,USD,08/11/2023,0.397878587,16,08/11/2023,43.40567086,50.19427841,4.459051252
33,13,4,57,678,USD,09/11/2023,0.953016176,5,09/11/2023,16.78194066,25.72185237,7.645524732
62,77,9,30,679,USD,10/11/2023,0.702782877,4,10/11/2023,96.25137253,100.8707268,7.967940023
47,43,10,88,680,USD,11/11/2023,0.042005767,10,11/11/2023,49.15107347,50.75067226,6.463257889
95,11,2,84,681,USD,12/11/2023,0.906872832,13,12/11/2023,66.09317587,71.73763327,1.20418158
35,48,5,46,682,USD,13/11/2023,0.484472809,10,13/11/2023,69.96747908,74.08123147,9.379200512
65,15,4,56,683,USD,14/11/2023,0.460326985,14,14/11/2023,59.18623378,66.23626221,7.176099521
72,17,9,31,684,USD,15/11/2023,0.566466606,12,15/11/2023,28.47317768,38.032474,1.307759049
76,54,4,88,685,USD,16/11/2023,0.149384547,1,16/11/2023,77.96287451,83.33334937,8.369496093
83,50,8,7,686,USD,17/11/2023,0.469166049,7,17/11/2023,82.33767769,87.53338976,2.802395392
25,28,8,90,687,USD,18/11/2023,0.831127217,9,18/11/2023,59.76780274,66.65906594,6.212990706
57,83,6,77,688,USD,19/11/2023,0.015482459,8,19/11/2023,53.97050445,55.90198198,5.19970933
32,4,6,54,689,USD,20/11/2023,0.27291716,13,20/11/2023,20.25443648,23.53599218,4.778549041
63,22,8,8,690,USD,21/11/2023,0.002454586,14,21/11/2023,17.55564953,26.82646346,9.007423481
12,86,10,55,691,USD,22/11/2023,0.415711309,12,22/11/2023,40.5608361,47.59031962,4.936251624
63,39,9,69,692,USD,23/11/2023,0.72831551,8,23/11/2023,37.976154,39.09715039,1.678097058
77,34,5,44,693,USD,24/11/2023,0.798771829,18,24/11/2023,95.82908059,98.67070984,9.519748545
92,97,1,13,694,USD,25/11/2023,0.945189761,16,25/11/2023,80.52604682,87.67158221,9.284817081
1,44,1,93,695,USD,26/11/2023,0.608504613,11,26/11/2023,69.39318657,77.2727794,7.159894206
51,42,2,20,696,USD,27/11/2023,0.254626867,16,27/11/2023,56.58832801,65.14706417,5.211032753
70,40,10,78,697,USD,28/11/2023,0.924147949,14,28/11/2023,25.06307777,28.692669,1.835735256
8,97,10,32,698,USD,29/11/2023,0.775315754,3,29/11/2023,98.0611005,107.4403579,8.116733067
68,12,5,60,699,USD,30/11/2023,0.574428483,2,30/11/2023,43.75366284,49.73018488,1.67930123
5,2,4,50,700,USD,01/12/2023,0.695640216,3,01/12/2023,19.62330422,26.89215542,1.617408864
89,28,1,27,701,USD,02/12/2023,0.924316355,4,02/12/2023,54.44190061,60.81255038,5.836454582
86,74,4,25,702,USD,03/12/2023,0.712394028,5,03/12/2023,88.65982105,90.76448154,2.441154162
92,86,4,52,703,USD,04/12/2023,0.368374508,10,04/12/2023,89.85619016,99.52422209,1.069572406
39,81,10,68,704,USD,05/12/2023,0.713028202,2,05/12/2023,10.98693245,13.09281266,4.808020879
23,90,4,21,705,USD,06/12/2023,0.040278163,12,06/12/2023,89.76661703,93.06055464,2.234955084
68,67,1,18,706,USD,07/12/2023,0.386415562,5,07/12/2023,34.43357957,42.7562305,2.444638738
52,71,9,39,707,USD,08/12/2023,0.406323032,5,08/12/2023,13.50751276,20.07488541,1.692195749
4,72,3,15,708,USD,09/12/2023,0.166838234,1,09/12/2023,86.30112433,94.84446682,2.845843784
47,84,4,53,709,USD,10/12/2023,0.023085481,4,10/12/2023,87.74800804,93.38963373,7.439357618
21,76,5,38,710,USD,11/12/2023,0.133381237,12,11/12/2023,63.66079719,68.0537363,8.280345765
56,99,7,48,711,USD,12/12/2023,0.654621496,12,12/12/2023,61.69903816,70.99564765,5.072802796
66,81,6,52,712,USD,13/12/2023,0.802288816,16,13/12/2023,83.18082454,84.50709539,5.558984343
59,92,5,88,713,USD,14/12/2023,0.988203493,17,14/12/2023,80.76785974,89.47303173,1.293895311
7,10,8,72,714,USD,15/12/2023,0.346363503,10,15/12/2023,90.10949261,93.18685268,1.623846352
49,86,1,28,715,USD,16/12/2023,0.599379222,17,16/12/2023,59.74727028,68.38589723,3.318109531
16,57,7,85,716,USD,17/12/2023,0.937144967,17,17/12/2023,97.08823835,99.34100787,5.895085786
17,97,6,16,717,USD,18/12/2023,0.167041781,18,18/12/2023,99.65321478,105.8751855,7.655960339
84,86,5,16,718,USD,19/12/2023,0.717645586,2,19/12/2023,20.4890149,29.48198617,6.445027552
87,37,7,35,719,USD,20/12/2023,0.754978733,4,20/12/2023,86.45893836,91.72079518,4.529150695
98,77,3,17,720,USD,21/12/2023,0.088975536,19,21/12/2023,54.9840032,62.70310326,2.064916657
75,91,1,73,721,USD,22/12/2023,0.861249385,11,22/12/2023,44.88097045,53.12301501,8.026959114
34,64,9,99,722,USD,23/12/2023,0.813105047,17,23/12/2023,65.17650789,72.80495577,4.274074464
33,79,2,52,723,USD,24/12/2023,0.033403007,12,24/12/2023,15.03690015,24.36486779,7.62448613
26,86,10,93,724,USD,25/12/2023,0.091084415,2,25/12/2023,55.58150069,60.60300876,5.616809577
66,94,3,82,725,USD,26/12/2023,0.049126894,6,26/12/2023,88.3801513,90.93828025,7.647958482
63,40,8,12,726,USD,27/12/2023,0.334743532,9,27/12/2023,29.21153645,30.64183603,9.165606053
87,98,10,83,727,USD,28/12/2023,0.509288991,5,28/12/2023,48.37509053,51.59322936,9.289265644
41,60,9,48,728,USD,29/12/2023,0.532347728,9,29/12/2023,94.55327989,96.84205743,5.81596102
86,98,3,22,729,USD,30/12/2023,0.26766676,8,30/12/2023,48.5707454,54.59228408,5.603575283
58,48,6,49,730,USD,31/12/2023,0.911596887,8,31/12/2023,42.25308691,44.91759494,3.39110619
98,99,7,52,731,USD,01/01/2024,0.36826279,6,01/01/2024,49.64829833,50.9987017,9.422198484
79,19,1,79,732,USD,02/01/2024,0.045550156,3,02/01/2024,56.75074899,58.07465745,5.121272505
10,72,7,1,733,USD,03/01/2024,0.300227112,5,03/01/2024,66.87922097,75.36334646,2.148321154
15,33,4,66,734,USD,04/01/2024,0.531109423,9,04/01/2024,82.06235208,88.38540147,4.894344232
42,44,5,64,735,USD,05/01/2024,0.408221823,7,05/01/2024,50.68919852,54.91196624,2.143479252
93,92,8,8,736,USD,06/01/2024,0.273842519,4,06/01/2024,83.57328416,92.62133654,5.522785158
57,37,4,86,737,USD,07/01/2024,0.13132325,7,07/01/2024,58.03485952,59.66662902,6.051479634
87,89,4,25,738,USD,08/01/2024,0.8191645,5,08/01/2024,40.46324593,50.28614459,4.039801853
17,36,8,66,739,USD,09/01/2024,0.996145242,11,09/01/2024,69.21557453,75.76220064,1.644855528
60,81,5,73,740,USD,10/01/2024,0.329542134,15,10/01/2024,74.59500293,77.24618121,9.491531821
9,88,6,73,741,USD,11/01/2024,0.381621044,2,11/01/2024,60.22440781,67.3360297,7.960178021
36,21,5,77,742,USD,12/01/2024,0.618037525,13,12/01/2024,15.09534758,22.96577892,8.549929725
73,2,1,70,743,USD,13/01/2024,0.718441475,16,13/01/2024,25.28945876,30.15354381,4.301815549
80,31,7,94,744,USD,14/01/2024,0.392029535,7,14/01/2024,35.67679488,44.43148834,7.84747927
36,97,6,79,745,USD,15/01/2024,0.904929517,8,15/01/2024,35.43630454,37.7928962,5.368356057
48,30,2,51,746,USD,16/01/2024,0.560003989,6,16/01/2024,70.60787202,74.11741027,2.809751396
51,76,7,53,747,USD,17/01/2024,0.450390076,7,17/01/2024,11.65137955,13.4928108,2.119810392
97,44,6,15,748,USD,18/01/2024,0.646672753,18,18/01/2024,78.01135993,80.9092605,4.105457824
95,12,5,50,749,USD,19/01/2024,0.952803848,7,19/01/2024,33.88082273,37.02938204,2.237969003
70,51,8,71,750,USD,20/01/2024,0.794552294,3,20/01/2024,37.90196616,47.16066488,9.984420786
74,49,5,75,751,USD,21/01/2024,0.040013131,5,21/01/2024,57.51188451,59.21487171,1.442700912
80,24,2,38,752,USD,22/01/2024,0.332309911,1,22/01/2024,29.43330408,34.28004017,4.970292394
68,24,6,40,753,USD,23/01/2024,0.470544685,15,23/01/2024,89.60241822,95.39400641,5.068841702
22,60,1,66,754,USD,24/01/2024,0.314517572,3,24/01/2024,17.68319014,26.77142762,3.705687357
77,11,5,39,755,USD,25/01/2024,0.700187561,8,25/01/2024,49.99441261,59.97367858,6.142164091
80,13,6,74,756,USD,26/01/2024,0.82626915,9,26/01/2024,86.44800425,94.22849729,2.349793217
93,91,7,17,757,USD,27/01/2024,0.731345095,15,27/01/2024,65.4259505,75.16306941,8.055211425
6,72,2,7,758,USD,28/01/2024,0.989333287,10,28/01/2024,36.30965643,44.39356662,3.992029464
26,74,1,39,759,USD,29/01/2024,0.272547648,2,29/01/2024,47.8684187,57.53724247,6.322083308
75,72,6,68,760,USD,30/01/2024,0.874989495,5,30/01/2024,73.60249423,80.96793076,7.440753125
88,64,3,35,761,USD,31/01/2024,0.766622665,19,31/01/2024,97.5934669,99.31133773,9.001379059
93,20,5,51,762,USD,01/02/2024,0.362178758,13,01/02/2024,90.38248465,94.99976634,8.522086928
3,72,2,47,763,USD,02/02/2024,0.734124544,11,02/02/2024,40.81895275,47.63832831,6.474781253
52,73,1,36,764,USD,03/02/2024,0.104075956,1,03/02/2024,99.83780914,103.9942757,4.495538623
74,71,1,64,765,USD,04/02/2024,0.789333482,15,04/02/2024,10.31541972,13.77587498,5.528842031
60,78,4,95,766,USD,05/02/2024,0.532330603,18,05/02/2024,12.48667802,18.68327143,7.91861314
63,28,10,89,767,USD,06/02/2024,0.292290173,16,06/02/2024,84.14564637,93.54716326,8.897909883
65,2,2,13,768,USD,07/02/2024,0.655777302,9,07/02/2024,27.95164181,29.26647868,1.934037354
52,43,1,18,769,USD,08/02/2024,0.641619999,1,08/02/2024,15.46923416,23.39231499,4.463706362
90,8,6,21,770,USD,09/02/2024,0.209486223,11,09/02/2024,31.34332659,38.84787209,7.985049386
76,13,4,65,771,USD,10/02/2024,0.030397415,9,10/02/2024,48.34901386,58.02459469,4.884865863
14,85,10,100,772,USD,11/02/2024,0.433622587,11,11/02/2024,75.75096434,85.12736534,3.990049877
89,92,7,8,773,USD,12/02/2024,0.569511869,13,12/02/2024,66.19019739,74.05029045,4.701904271
72,35,6,48,774,USD,13/02/2024,0.876605278,2,13/02/2024,31.38590958,37.06958846,6.425602721
68,23,5,85,775,USD,14/02/2024,0.928216796,14,14/02/2024,55.29434033,58.13274831,9.998246297
28,46,10,43,776,USD,15/02/2024,0.528805218,6,15/02/2024,93.35926949,99.26639095,5.436931862
71,15,2,53,777,USD,16/02/2024,0.753803484,8,16/02/2024,83.35069993,91.23886787,2.876450275
10,2,5,85,778,USD,17/02/2024,0.439303272,18,17/02/2024,39.08708063,48.14810355,2.465619178
57,61,9,27,779,USD,18/02/2024,0.746082157,16,18/02/2024,98.40381052,106.5112186,1.381147727
100,76,9,19,780,USD,19/02/2024,0.204801525,12,19/02/2024,73.77583604,76.53323846,6.029355114
66,64,2,23,781,USD,20/02/2024,0.371064735,11,20/02/2024,15.62044201,22.01761884,5.901148823
90,52,7,50,782,USD,21/02/2024,0.634227999,6,21/02/2024,13.1644642,17.15402533,2.847105341
50,36,10,51,783,USD,22/02/2024,0.018157966,3,22/02/2024,25.15671541,26.23956642,7.257964658
14,67,4,43,784,USD,23/02/2024,0.72246131,14,23/02/2024,75.50702812,78.30901655,7.669963375
16,69,3,99,785,USD,24/02/2024,0.835535501,2,24/02/2024,26.53650333,28.55548918,3.331883848
54,67,1,51,786,USD,25/02/2024,0.399141661,11,25/02/2024,56.03380923,64.61828134,4.096897876
43,47,3,69,787,USD,26/02/2024,0.447942417,3,26/02/2024,18.39341082,21.71996709,9.914245051
42,83,9,41,788,USD,27/02/2024,0.851282212,18,27/02/2024,92.8797542,96.44203592,4.368380211
81,2,9,72,789,USD,28/02/2024,0.775654635,1,28/02/2024,40.95645522,50.59588437,7.847215046
22,44,7,11,790,USD,29/02/2024,0.288149489,1,29/02/2024,91.73188509,96.1436656,5.07452884
68,64,3,80,791,USD,01/03/2024,0.323976107,12,01/03/2024,95.03880777,96.12507853,8.140103451
19,81,3,88,792,USD,02/03/2024,0.678878232,15,02/03/2024,10.55157826,14.10619359,7.921209149
66,78,4,85,793,USD,03/03/2024,0.563198092,5,03/03/2024,51.77216685,53.84586307,7.009804227
39,28,7,52,794,USD,04/03/2024,0.162229571,6,04/03/2024,12.21904501,14.14432207,8.693005117
73,91,7,23,795,USD,05/03/2024,0.309929909,16,05/03/2024,91.78234897,93.47973458,9.452966454
19,54,2,49,796,USD,06/03/2024,0.899983277,12,06/03/2024,56.65667903,62.99601426,6.219849884
16,74,5,38,797,USD,07/03/2024,0.688174437,12,07/03/2024,16.74496114,19.44909066,3.137220165
54,67,7,47,798,USD,08/03/2024,0.985974318,3,08/03/2024,19.92490554,24.17609069,4.587660655
25,36,7,72,799,USD,09/03/2024,0.76701253,2,09/03/2024,44.5158122,53.27397165,7.824751422
18,63,6,7,800,USD,10/03/2024,0.941974432,7,10/03/2024,94.62107736,99.44012062,6.857951366
23,25,10,66,801,USD,11/03/2024,0.216188574,2,11/03/2024,72.36182364,81.60304579,2.600185047
85,86,10,94,802,USD,12/03/2024,0.771484875,7,12/03/2024,88.08569796,93.56714044,1.46115587
11,48,8,77,803,USD,13/03/2024,0.02021752,11,13/03/2024,42.98109817,47.5706277,7.146654342
39,39,3,62,804,USD,14/03/2024,0.670760022,11,14/03/2024,13.88923296,21.6427333,3.259711216
68,47,1,87,805,USD,15/03/2024,0.469282278,14,15/03/2024,97.68858735,99.34716324,5.497032194
25,94,3,29,806,USD,16/03/2024,0.346760072,3,16/03/2024,11.54556916,13.35087461,7.720720953
63,21,2,38,807,USD,17/03/2024,0.862404352,14,17/03/2024,95.28864878,102.1564122,6.064001026
96,30,2,84,808,USD,18/03/2024,0.854267693,11,18/03/2024,43.18096815,48.56343457,1.749723248
30,92,2,33,809,USD,19/03/2024,0.022301705,4,19/03/2024,10.90813645,19.0218737,2.670222131
45,31,5,29,810,USD,20/03/2024,0.609505122,17,20/03/2024,72.02415086,81.27058839,2.973953656
90,26,1,79,811,USD,21/03/2024,0.367832224,16,21/03/2024,98.24862736,102.7439293,3.320778283
61,22,10,23,812,USD,22/03/2024,0.415661002,3,22/03/2024,96.90631506,103.2740053,6.088630528
100,21,4,3,813,USD,23/03/2024,0.832040739,10,23/03/2024,24.48433101,29.99060066,5.535692018
51,1,10,93,814,USD,24/03/2024,0.309839772,15,24/03/2024,26.31230255,36.14679845,2.828440345
98,37,5,45,815,USD,25/03/2024,0.943048811,8,25/03/2024,60.89850232,69.37826198,1.607993591
9,77,2,8,816,USD,26/03/2024,0.179633826,18,26/03/2024,67.35743438,76.56307375,2.54288984
76,85,5,86,817,USD,27/03/2024,0.662722423,3,27/03/2024,76.54761223,79.83667302,9.859431814
2,46,10,29,818,USD,28/03/2024,0.672105067,7,28/03/2024,26.29453244,34.24727025,5.216922548
5,9,4,2,819,USD,29/03/2024,0.252195161,10,29/03/2024,96.31063781,99.69989683,8.806109542
62,17,8,50,820,USD,30/03/2024,0.324750609,9,30/03/2024,67.48653307,70.36521587,8.6387722
69,47,1,65,821,USD,31/03/2024,0.834798493,14,31/03/2024,86.2342227,95.73261814,5.603676017
52,85,5,20,822,USD,01/04/2024,0.761805255,14,01/04/2024,58.60591438,59.77965413,7.360189376
86,95,10,52,823,USD,02/04/2024,0.32909588,11,02/04/2024,47.28491628,56.97341462,2.734768094
5,59,1,85,824,USD,03/04/2024,0.533956547,1,03/04/2024,97.94646159,100.2898187,7.195570344
59,54,10,37,825,USD,04/04/2024,0.061680296,4,04/04/2024,62.39092337,70.76586611,3.451461213
68,86,10,72,826,USD,05/04/2024,0.208745882,6,05/04/2024,88.01862245,91.50192543,8.488558871
9,12,4,27,827,USD,06/04/2024,0.485820559,5,06/04/2024,95.79631567,99.95263662,1.753517198
93,64,8,47,828,USD,07/04/2024,0.085973735,3,07/04/2024,70.78191643,73.73273583,7.958248056
22,6,1,99,829,USD,08/04/2024,0.843332355,2,08/04/2024,59.40448107,65.67410745,1.899432159
27,53,2,6,830,USD,09/04/2024,0.71800621,3,09/04/2024,10.31597658,14.44883651,8.930703132
10,16,1,60,831,USD,10/04/2024,0.943633671,9,10/04/2024,13.60176767,20.51830502,3.737840663
80,90,7,45,832,USD,11/04/2024,0.693466906,19,11/04/2024,28.07660944,29.21743531,6.889540283
61,5,2,44,833,USD,12/04/2024,0.940401372,19,12/04/2024,26.74075887,28.32013282,5.387520508
51,73,1,83,834,USD,13/04/2024,0.554512556,17,13/04/2024,32.92829157,34.82524194,4.296728307
10,46,6,18,835,USD,14/04/2024,0.600218611,18,14/04/2024,37.44411739,42.21506056,6.808976499
6,14,6,65,836,USD,15/04/2024,0.976971055,11,15/04/2024,42.40589442,50.73905997,9.527706825
62,44,10,25,837,USD,16/04/2024,0.642129147,12,16/04/2024,47.84839211,56.8419933,1.371427726
5,63,2,27,838,USD,17/04/2024,0.030786569,3,17/04/2024,18.89797046,22.10126712,9.269675703
70,94,1,7,839,USD,18/04/2024,0.723802777,18,18/04/2024,13.81257388,19.98190139,6.481734895
63,52,10,44,840,USD,19/04/2024,0.905468692,6,19/04/2024,70.65500042,78.57028535,8.265828707
56,26,3,29,841,USD,20/04/2024,0.79558025,7,20/04/2024,58.36013424,61.95959911,4.454874581
59,53,10,95,842,USD,21/04/2024,0.583833273,1,21/04/2024,49.9729782,54.65404783,5.246586774
63,29,5,44,843,USD,22/04/2024,0.671303513,6,22/04/2024,67.09959471,72.81536253,8.819656766
89,19,6,36,844,USD,23/04/2024,0.990191789,18,23/04/2024,84.49114665,86.70502027,4.733631728
59,47,3,19,845,USD,24/04/2024,0.090662089,13,24/04/2024,48.49236182,49.72620246,5.811936101
51,8,9,6,846,USD,25/04/2024,0.667244829,19,25/04/2024,67.70075185,70.07600414,1.181754308
50,23,5,25,847,USD,26/04/2024,0.283397695,7,26/04/2024,95.82150015,102.4631827,2.427382053
4,35,2,31,848,USD,27/04/2024,0.640090397,19,27/04/2024,85.56620463,87.22876898,6.775178572
48,95,10,9,849,USD,28/04/2024,0.607623576,9,28/04/2024,48.34007295,51.04734023,7.45279211
32,53,6,84,850,USD,29/04/2024,0.153456832,3,29/04/2024,68.0245154,72.06520037,6.243408431
51,99,8,74,851,USD,30/04/2024,0.206746646,12,30/04/2024,25.93638297,27.63721355,2.289790326
52,96,6,37,852,USD,01/05/2024,0.621629578,18,01/05/2024,60.44699664,63.17229008,5.008648857
99,58,4,27,853,USD,02/05/2024,0.128229947,8,02/05/2024,98.3195462,107.5209743,4.195852897
74,5,6,13,854,USD,03/05/2024,0.265180875,9,03/05/2024,56.64836037,57.82205256,5.460952096
34,16,8,41,855,USD,04/05/2024,0.835245548,13,04/05/2024,93.48744693,100.3683342,8.832961311
36,17,8,66,856,USD,05/05/2024,0.327091506,8,05/05/2024,46.66014285,51.11982322,7.982752948
70,32,10,85,857,USD,06/05/2024,0.488060156,10,06/05/2024,99.89603445,106.9498731,1.755905513
43,96,2,97,858,USD,07/05/2024,0.941140335,17,07/05/2024,62.12980317,68.42802865,9.01278278
16,52,8,24,859,USD,08/05/2024,0.227149089,7,08/05/2024,13.80420948,16.81569827,5.24590436
59,20,6,44,860,USD,09/05/2024,0.389626017,17,09/05/2024,62.8079317,71.43281709,7.694759304
53,66,2,98,861,USD,10/05/2024,0.606457776,18,10/05/2024,34.71154261,40.13900605,2.260353081
19,84,1,60,862,USD,11/05/2024,0.75533893,2,11/05/2024,12.92331898,21.32614315,7.036475731
98,82,6,9,863,USD,12/05/2024,0.901653387,3,12/05/2024,83.87679742,88.53091025,3.126934158
89,1,7,2,864,USD,13/05/2024,0.915472988,19,13/05/2024,34.81566733,44.67783731,4.945428074
95,58,10,56,865,USD,14/05/2024,0.776640074,1,14/05/2024,81.68936986,89.62377409,1.151765831
41,93,5,30,866,USD,15/05/2024,0.228330837,10,15/05/2024,35.93958247,45.63313431,2.364495741
81,93,10,22,867,USD,16/05/2024,0.02480933,14,16/05/2024,27.48937185,33.11831016,1.828724438
47,83,8,75,868,USD,17/05/2024,0.38377393,13,17/05/2024,97.65420167,102.9174219,3.157697556
94,44,9,81,869,USD,18/05/2024,0.141548851,9,18/05/2024,42.5480795,50.34716378,1.90016281
54,6,4,100,870,USD,19/05/2024,0.710387647,6,19/05/2024,64.12385903,73.0464804,7.22719024
55,50,7,13,871,USD,20/05/2024,0.661130587,6,20/05/2024,64.89833435,74.57564652,1.26135912
95,72,8,71,872,USD,21/05/2024,0.043971642,19,21/05/2024,60.4426134,64.36358055,6.559664506
19,88,6,16,873,USD,22/05/2024,0.836593779,10,22/05/2024,92.32261692,100.5109581,2.266370477
62,20,2,97,874,USD,23/05/2024,0.248743266,3,23/05/2024,70.69969642,73.5955068,9.506453115
99,14,7,45,875,USD,24/05/2024,0.432227075,18,24/05/2024,46.33597037,52.24613949,9.397846658
93,5,9,65,876,USD,25/05/2024,0.667933735,19,25/05/2024,87.61423461,90.23286794,3.029527923
59,41,5,11,877,USD,26/05/2024,0.429418787,5,26/05/2024,26.29566092,30.42223718,6.529791684
65,40,2,70,878,USD,27/05/2024,0.441287803,11,27/05/2024,58.98130818,68.36353349,1.252047875
68,34,4,20,879,USD,28/05/2024,0.065627995,10,28/05/2024,95.54953347,97.86434977,9.386096887
28,80,3,99,880,USD,29/05/2024,0.401443549,17,29/05/2024,66.28578669,72.97739475,5.706885774
18,45,4,63,881,USD,30/05/2024,0.764847893,4,30/05/2024,83.52716054,89.863749,1.389008363
26,71,10,90,882,USD,31/05/2024,0.915176337,18,31/05/2024,68.8204653,70.90711047,4.082499937
19,80,7,12,883,USD,01/06/2024,0.413497137,18,01/06/2024,85.54337772,89.47718911,1.691645157
55,71,10,62,884,USD,02/06/2024,0.423585827,1,02/06/2024,95.00390919,101.0707427,4.536499954
57,27,8,94,885,USD,03/06/2024,0.702627106,14,03/06/2024,34.56295548,37.24756296,7.029337079
6,78,1,92,886,USD,04/06/2024,0.942772001,8,04/06/2024,25.26949731,33.47511022,5.229009172
1,78,8,91,887,USD,05/06/2024,0.26706094,2,05/06/2024,53.55916753,63.30857612,4.453499572
8,44,5,42,888,USD,06/06/2024,0.440144207,19,06/06/2024,73.16761841,76.10045301,2.07241341
97,33,7,83,889,USD,07/06/2024,0.795973244,15,07/06/2024,30.44721279,33.12942047,3.204451411
51,33,1,69,890,USD,08/06/2024,0.609693569,2,08/06/2024,10.36913054,15.46354618,1.90128959
85,44,2,58,891,USD,09/06/2024,0.110586344,4,09/06/2024,40.86416043,48.59404792,8.267488585
88,20,1,5,892,USD,10/06/2024,0.627732736,1,10/06/2024,97.19734019,100.7317457,2.217158452
25,36,5,27,893,USD,11/06/2024,0.186746285,19,11/06/2024,72.54707145,73.72599063,6.358360299
47,7,6,28,894,USD,12/06/2024,0.510215934,10,12/06/2024,46.11928995,51.99027561,4.084663722
55,32,10,26,895,USD,13/06/2024,0.529103268,1,13/06/2024,27.33184876,36.94125387,3.033805462
64,67,9,91,896,USD,14/06/2024,0.876203362,15,14/06/2024,42.04807064,46.56956234,6.755215955
83,39,8,49,897,USD,15/06/2024,0.462494274,4,15/06/2024,25.285549,30.06675998,5.113020784
93,93,7,21,898,USD,16/06/2024,0.279442422,7,16/06/2024,19.56752392,29.28763937,4.601309206
10,24,5,1,899,USD,17/06/2024,0.230966348,7,17/06/2024,91.60681353,98.85828204,6.335668044
56,86,3,92,900,USD,18/06/2024,0.874251877,18,18/06/2024,99.78853045,107.2610778,5.421408656
12,70,9,58,901,USD,19/06/2024,0.171010854,13,19/06/2024,24.77029956,30.83461761,3.731357877
33,88,5,79,902,USD,20/06/2024,0.425868561,10,20/06/2024,14.9070303,24.6785132,6.03155159
71,87,3,55,903,USD,21/06/2024,0.187173115,8,21/06/2024,39.67579964,46.875598,7.025487189
17,54,3,81,904,USD,22/06/2024,0.77330404,10,22/06/2024,51.54932627,60.60462103,1.240238427
61,38,3,26,905,USD,23/06/2024,0.47437264,14,23/06/2024,28.43391224,35.72832203,5.19284556
10,74,6,84,906,USD,24/06/2024,0.351143691,14,24/06/2024,37.12824206,44.74428449,1.519149561
31,80,1,25,907,USD,25/06/2024,0.361099641,11,25/06/2024,28.07836621,31.69206451,2.677648727
60,75,4,77,908,USD,26/06/2024,0.852214207,6,26/06/2024,79.68345116,83.41475944,6.044578607
70,32,8,33,909,USD,27/06/2024,0.553773954,1,27/06/2024,74.13201489,82.17887674,8.795700237
17,45,3,89,910,USD,28/06/2024,0.717867851,19,28/06/2024,67.14563642,70.81599302,8.945251113
50,61,5,72,911,USD,29/06/2024,0.897038516,7,29/06/2024,44.84960714,50.91453777,1.629496091
37,70,2,69,912,USD,30/06/2024,0.901741676,18,30/06/2024,91.81368472,95.05785552,4.771945777
82,88,2,6,913,USD,01/07/2024,0.328509054,3,01/07/2024,97.25792874,105.6107792,6.247058347
62,97,7,23,914,USD,02/07/2024,0.952451263,11,02/07/2024,25.62753814,27.6220503,2.323629141
90,53,10,30,915,USD,03/07/2024,0.024875882,5,03/07/2024,30.07113773,38.53615748,7.888889951
80,51,3,78,916,USD,04/07/2024,0.376835561,19,04/07/2024,57.30679252,63.73136072,7.698117326
72,76,5,54,917,USD,05/07/2024,0.895798858,2,05/07/2024,18.21255124,20.89473705,9.130069123
88,56,3,87,918,USD,06/07/2024,0.27463688,4,06/07/2024,49.28035589,55.15867436,1.076374109
77,27,6,11,919,USD,07/07/2024,0.27308145,10,07/07/2024,62.36121383,65.90370336,2.950158196
29,38,10,31,920,USD,08/07/2024,0.302622285,2,08/07/2024,56.9866214,60.89782741,8.444680428
32,62,3,6,921,USD,09/07/2024,0.612313385,8,09/07/2024,39.78177248,43.94552485,7.035220457
88,18,8,11,922,USD,10/07/2024,0.438332776,1,10/07/2024,58.82012255,60.38999577,9.049508683
80,64,2,77,923,USD,11/07/2024,0.726734836,6,11/07/2024,96.29208588,106.165741,1.514616891
11,77,3,12,924,USD,12/07/2024,0.894910643,11,12/07/2024,28.54156639,29.82537804,6.372675691
96,30,8,66,925,USD,13/07/2024,0.674199375,10,13/07/2024,68.93482226,75.89729411,6.121419174
6,49,8,53,926,USD,14/07/2024,0.20446672,13,14/07/2024,13.90570247,18.2467513,1.321069747
35,41,1,99,927,USD,15/07/2024,0.932681902,1,15/07/2024,15.9774764,22.79156902,5.621698692
33,13,8,36,928,USD,16/07/2024,0.264492873,2,16/07/2024,59.66454018,63.87077446,6.485682802
18,34,10,17,929,USD,17/07/2024,0.149894295,3,17/07/2024,19.44452623,26.50828205,2.721638568
37,100,2,28,930,USD,18/07/2024,0.089967279,9,18/07/2024,12.01121096,19.57433054,3.459966248
13,94,7,92,931,USD,19/07/2024,0.563383741,5,19/07/2024,25.43616979,32.65114355,6.763126117
74,25,6,22,932,USD,20/07/2024,0.113762462,10,20/07/2024,60.83642539,62.86208322,5.214708528
90,66,2,7,933,USD,21/07/2024,0.138775884,10,21/07/2024,73.30068591,80.21272502,8.722122918
81,100,5,15,934,USD,22/07/2024,0.300030481,12,22/07/2024,28.22307077,31.74295872,4.081435894
64,18,7,96,935,USD,23/07/2024,0.28165301,18,23/07/2024,70.14334935,71.40256168,3.399936925
1,5,8,11,936,USD,24/07/2024,0.60423951,1,24/07/2024,26.4228698,31.15634585,9.863793463
63,19,3,24,937,USD,25/07/2024,0.816745279,3,25/07/2024,65.2111684,70.11305632,9.200221931
89,42,1,67,938,USD,26/07/2024,0.761349656,5,26/07/2024,47.07637119,52.28093839,1.260934705
34,18,7,30,939,USD,27/07/2024,0.262484455,17,27/07/2024,68.84195584,76.18537333,7.936557538
10,32,5,70,940,USD,28/07/2024,0.245310498,8,28/07/2024,99.55474772,103.334342,1.993012964
84,21,5,66,941,USD,29/07/2024,0.96579153,17,29/07/2024,94.40352687,98.24105149,1.247366753
7,10,7,61,942,USD,30/07/2024,0.008236242,9,30/07/2024,10.38535821,11.93032851,3.463259644
56,37,1,78,943,USD,31/07/2024,0.879720533,6,31/07/2024,89.68948879,96.87087974,3.424112912
80,49,8,41,944,USD,01/08/2024,0.199728519,17,01/08/2024,15.98417157,22.09460639,8.373868861
37,86,10,82,945,USD,02/08/2024,0.947284323,8,02/08/2024,95.77419275,99.91901877,7.396005213
29,13,5,51,946,USD,03/08/2024,0.342307285,7,03/08/2024,35.36431112,42.71101193,9.834484846
12,55,8,44,947,USD,04/08/2024,0.440351774,7,04/08/2024,44.38313474,50.21935448,7.403616103
17,17,10,95,948,USD,05/08/2024,0.707120614,15,05/08/2024,18.24743847,23.47064298,4.764299979
48,9,10,13,949,USD,06/08/2024,0.587669051,7,06/08/2024,20.10454825,25.70646914,7.290348949
84,88,5,90,950,USD,07/08/2024,0.31793933,8,07/08/2024,75.40665087,82.133784,9.995131605
26,44,7,12,951,USD,08/08/2024,0.553830916,9,08/08/2024,94.98990122,101.9299247,7.391276943
83,78,10,82,952,USD,09/08/2024,0.730706884,15,09/08/2024,64.96736455,68.56798492,7.855132204
12,46,3,9,953,USD,10/08/2024,0.042334946,2,10/08/2024,74.4265014,76.69319167,9.445285137
21,8,2,85,954,USD,11/08/2024,0.011199305,7,11/08/2024,78.57727701,80.98698464,2.022861352
42,37,6,48,955,USD,12/08/2024,0.458066939,15,12/08/2024,33.65328471,40.40780268,7.343058641
61,19,5,49,956,USD,13/08/2024,0.131836618,18,13/08/2024,14.07066678,22.92652635,8.657253622
58,63,9,53,957,USD,14/08/2024,0.664344291,18,14/08/2024,10.16854695,14.85401346,9.589407402
54,92,10,56,958,USD,15/08/2024,0.214052456,10,15/08/2024,41.55843547,44.08411691,2.898723607
34,46,4,40,959,USD,16/08/2024,0.432851107,18,16/08/2024,31.73178054,39.54120302,5.53536107
7,94,3,24,960,USD,17/08/2024,0.197670937,1,17/08/2024,15.60859525,24.10100052,7.124993629
35,71,9,98,961,USD,18/08/2024,0.548483586,7,18/08/2024,26.15754632,35.08278831,3.227209566
15,26,8,72,962,USD,19/08/2024,0.116053459,3,19/08/2024,21.20490084,27.6663837,6.404255769
65,46,6,33,963,USD,20/08/2024,0.023106853,14,20/08/2024,92.33905426,101.0856113,3.318209042
90,46,1,23,964,USD,21/08/2024,0.051131638,12,21/08/2024,22.62404921,23.76278384,4.001113185
99,75,10,77,965,USD,22/08/2024,0.954258442,14,22/08/2024,58.38836176,60.35348397,4.973668269
25,14,1,54,966,USD,23/08/2024,0.142286219,4,23/08/2024,63.37953596,65.21272056,5.762710889
59,85,6,53,967,USD,24/08/2024,0.708478253,13,24/08/2024,58.91405119,66.32749335,5.044292845
79,63,3,49,968,USD,25/08/2024,0.067926204,16,25/08/2024,18.91507908,20.54131513,5.438759678
86,72,3,78,969,USD,26/08/2024,0.108160352,16,26/08/2024,38.69185256,44.15913191,3.687298807
6,3,6,78,970,USD,27/08/2024,0.508876251,5,27/08/2024,14.61432992,19.86869201,2.430685846
52,28,3,80,971,USD,28/08/2024,0.46487093,6,28/08/2024,45.61029227,49.40662398,1.426149796
79,29,10,49,972,USD,29/08/2024,0.951580309,6,29/08/2024,26.97390381,35.80755034,2.763808502
88,87,6,60,973,USD,30/08/2024,0.944835453,18,30/08/2024,60.546928,63.08082681,6.237492774
21,18,5,90,974,USD,31/08/2024,0.779608643,6,31/08/2024,72.35275545,76.52492051,8.07503903
71,35,4,90,975,USD,01/09/2024,0.60210183,7,01/09/2024,57.89078742,65.85833092,2.523228377
93,77,8,65,976,USD,02/09/2024,0.454960317,16,02/09/2024,49.0813027,50.35510352,1.97699822
96,76,2,32,977,USD,03/09/2024,0.356178534,9,03/09/2024,44.86000788,51.91656148,7.743613245
32,47,7,79,978,USD,04/09/2024,0.947087547,13,04/09/2024,85.75225913,94.09983867,3.746424975
53,5,4,21,979,USD,05/09/2024,0.602908811,12,05/09/2024,29.74312586,39.13353641,9.563494953
59,75,2,18,980,USD,06/09/2024,0.579072528,19,06/09/2024,76.07965056,84.96632032,7.428861735
69,59,7,94,981,USD,07/09/2024,0.231901122,1,07/09/2024,78.17340923,82.04786628,3.940804425
62,75,1,60,982,USD,08/09/2024,0.046697818,8,08/09/2024,47.72800065,54.00527793,3.60588473
4,59,4,13,983,USD,09/09/2024,0.94518858,4,09/09/2024,36.75705393,38.45269537,5.713285476
86,47,9,24,984,USD,10/09/2024,0.313735259,19,10/09/2024,52.34873374,55.66956378,1.712302015
18,95,4,30,985,USD,11/09/2024,0.442589023,5,11/09/2024,18.38925333,20.23725474,2.059088614
99,95,3,2,986,USD,12/09/2024,0.114639944,17,12/09/2024,14.1337029,17.97038851,2.582720932
81,13,10,83,987,USD,13/09/2024,0.83692433,3,13/09/2024,20.04428795,28.92097287,7.97251234
56,78,10,25,988,USD,14/09/2024,0.027631833,19,14/09/2024,26.84305283,30.96755439,5.624716233
24,89,2,50,989,USD,15/09/2024,0.833990762,1,15/09/2024,55.37591383,61.43299676,1.095104105
66,33,3,14,990,USD,16/09/2024,0.140285013,1,16/09/2024,86.42229725,91.32272489,7.061648747
13,97,1,6,991,USD,17/09/2024,0.886564113,9,17/09/2024,31.20780988,36.3380586,4.813211608
62,62,10,76,992,USD,18/09/2024,0.729772637,5,18/09/2024,94.16458097,103.8907294,5.597671285
54,79,8,84,993,USD,19/09/2024,0.164670263,7,19/09/2024,95.9417118,99.60710202,2.927046191
15,16,1,87,994,USD,20/09/2024,0.565817993,6,20/09/2024,96.30141444,102.9473347,5.966040056
69,44,3,30,995,USD,21/09/2024,0.312656314,17,21/09/2024,85.38064612,90.16121015,9.812379158
3,58,3,30,996,USD,22/09/2024,0.178233099,17,22/09/2024,42.74425367,44.2945693,1.661002219
37,6,2,38,997,USD,23/09/2024,0.859182199,13,23/09/2024,16.54155199,21.94552947,3.555256597
37,89,5,58,998,USD,24/09/2024,0.403522767,12,24/09/2024,61.19368586,69.51377582,3.186978336
3,15,10,94,999,USD,25/09/2024,0.398543714,4,25/09/2024,60.28132995,62.17010667,3.236943797
63,4,3,41,1000,USD,26/09/2024,0.169886675,8,26/09/2024,86.49781904,88.12414567,4.408357218
